date,event_name,event_type,venue,expected_demand_window,approx_attendance,source_url,source_title,confidence,notes
2024-05-09,Maidult 2024,festival_folk,Dultplatz,afternoon_late_to_evening_13:00-23:00,100000,https://www.regensburg-bayern.de/nuetzliche-infos/aktuelles/archiv/maidult-regensburg-2024.html,Maidult Regensburg 2024 - Regensburg-Bayern.de,high,Vergnügungsdult 13-23 (Fr/Sa to 23:30); Festzelte from 11. Family days Wed May 15+22. Fireworks Fri May 17 ~22:00
2024-05-10,Maidult 2024,festival_folk,Dultplatz,afternoon_late_to_evening_13:00-23:00,100000,https://www.regensburg-bayern.de/nuetzliche-infos/aktuelles/archiv/maidult-regensburg-2024.html,Maidult Regensburg 2024 - Regensburg-Bayern.de,high,Vergnügungsdult 13-23 (Fr/Sa to 23:30); Festzelte from 11. Family days Wed May 15+22. Fireworks Fri May 17 ~22:00
2024-05-11,Maidult 2024,festival_folk,Dultplatz,afternoon_late_to_evening_13:00-23:00,100000,https://www.regensburg-bayern.de/nuetzliche-infos/aktuelles/archiv/maidult-regensburg-2024.html,Maidult Regensburg 2024 - Regensburg-Bayern.de,high,Vergnügungsdult 13-23 (Fr/Sa to 23:30); Festzelte from 11. Family days Wed May 15+22. Fireworks Fri May 17 ~22:00
2024-05-11,Regensburg Marathon 2024 (Minimarathon Sa),marathon,Altstadt / Donau,morning_to_afternoon,unknown,https://www.regensburger-nachrichten.de/sport-und-freizeit/94131-32-regensburg-marathon-2024-laufen-im-weltkulturerbe,32. Regensburg Marathon 2024,high,DZ Bank Minimarathon for children/youth on Saturday
2024-05-12,Maidult 2024,festival_folk,Dultplatz,afternoon_late_to_evening_13:00-23:00,100000,https://www.regensburg-bayern.de/nuetzliche-infos/aktuelles/archiv/maidult-regensburg-2024.html,Maidult Regensburg 2024 - Regensburg-Bayern.de,high,Vergnügungsdult 13-23 (Fr/Sa to 23:30); Festzelte from 11. Family days Wed May 15+22. Fireworks Fri May 17 ~22:00
2024-05-12,Regensburg Marathon 2024,marathon,Altstadt / Donau,morning_to_afternoon_08:30_start,unknown,https://www.regensburger-nachrichten.de/sport-und-freizeit/94131-32-regensburg-marathon-2024-laufen-im-weltkulturerbe,32. Regensburg Marathon 2024,high,Main marathon Sunday; expect road closures affecting bus routes
2024-05-13,Maidult 2024,festival_folk,Dultplatz,afternoon_late_to_evening_13:00-23:00,100000,https://www.regensburg-bayern.de/nuetzliche-infos/aktuelles/archiv/maidult-regensburg-2024.html,Maidult Regensburg 2024 - Regensburg-Bayern.de,high,Vergnügungsdult 13-23 (Fr/Sa to 23:30); Festzelte from 11. Family days Wed May 15+22. Fireworks Fri May 17 ~22:00
2024-05-14,Maidult 2024,festival_folk,Dultplatz,afternoon_late_to_evening_13:00-23:00,100000,https://www.regensburg-bayern.de/nuetzliche-infos/aktuelles/archiv/maidult-regensburg-2024.html,Maidult Regensburg 2024 - Regensburg-Bayern.de,high,Vergnügungsdult 13-23 (Fr/Sa to 23:30); Festzelte from 11. Family days Wed May 15+22. Fireworks Fri May 17 ~22:00
2024-05-15,Maidult 2024,festival_folk,Dultplatz,afternoon_late_to_evening_13:00-23:00,100000,https://www.regensburg-bayern.de/nuetzliche-infos/aktuelles/archiv/maidult-regensburg-2024.html,Maidult Regensburg 2024 - Regensburg-Bayern.de,high,Vergnügungsdult 13-23 (Fr/Sa to 23:30); Festzelte from 11. Family days Wed May 15+22. Fireworks Fri May 17 ~22:00
2024-05-16,Maidult 2024,festival_folk,Dultplatz,afternoon_late_to_evening_13:00-23:00,100000,https://www.regensburg-bayern.de/nuetzliche-infos/aktuelles/archiv/maidult-regensburg-2024.html,Maidult Regensburg 2024 - Regensburg-Bayern.de,high,Vergnügungsdult 13-23 (Fr/Sa to 23:30); Festzelte from 11. Family days Wed May 15+22. Fireworks Fri May 17 ~22:00
2024-05-17,Maidult 2024,festival_folk,Dultplatz,afternoon_late_to_evening_13:00-23:00,100000,https://www.regensburg-bayern.de/nuetzliche-infos/aktuelles/archiv/maidult-regensburg-2024.html,Maidult Regensburg 2024 - Regensburg-Bayern.de,high,Vergnügungsdult 13-23 (Fr/Sa to 23:30); Festzelte from 11. Family days Wed May 15+22. Fireworks Fri May 17 ~22:00
2024-05-18,Maidult 2024,festival_folk,Dultplatz,afternoon_late_to_evening_13:00-23:00,100000,https://www.regensburg-bayern.de/nuetzliche-infos/aktuelles/archiv/maidult-regensburg-2024.html,Maidult Regensburg 2024 - Regensburg-Bayern.de,high,Vergnügungsdult 13-23 (Fr/Sa to 23:30); Festzelte from 11. Family days Wed May 15+22. Fireworks Fri May 17 ~22:00
2024-05-19,Maidult 2024,festival_folk,Dultplatz,afternoon_late_to_evening_13:00-23:00,100000,https://www.regensburg-bayern.de/nuetzliche-infos/aktuelles/archiv/maidult-regensburg-2024.html,Maidult Regensburg 2024 - Regensburg-Bayern.de,high,Vergnügungsdult 13-23 (Fr/Sa to 23:30); Festzelte from 11. Family days Wed May 15+22. Fireworks Fri May 17 ~22:00
2024-05-20,Maidult 2024,festival_folk,Dultplatz,afternoon_late_to_evening_13:00-23:00,100000,https://www.regensburg-bayern.de/nuetzliche-infos/aktuelles/archiv/maidult-regensburg-2024.html,Maidult Regensburg 2024 - Regensburg-Bayern.de,high,Vergnügungsdult 13-23 (Fr/Sa to 23:30); Festzelte from 11. Family days Wed May 15+22. Fireworks Fri May 17 ~22:00
2024-05-21,Maidult 2024,festival_folk,Dultplatz,afternoon_late_to_evening_13:00-23:00,100000,https://www.regensburg-bayern.de/nuetzliche-infos/aktuelles/archiv/maidult-regensburg-2024.html,Maidult Regensburg 2024 - Regensburg-Bayern.de,high,Vergnügungsdult 13-23 (Fr/Sa to 23:30); Festzelte from 11. Family days Wed May 15+22. Fireworks Fri May 17 ~22:00
2024-05-22,Maidult 2024,festival_folk,Dultplatz,afternoon_late_to_evening_13:00-23:00,100000,https://www.regensburg-bayern.de/nuetzliche-infos/aktuelles/archiv/maidult-regensburg-2024.html,Maidult Regensburg 2024 - Regensburg-Bayern.de,high,Vergnügungsdult 13-23 (Fr/Sa to 23:30); Festzelte from 11. Family days Wed May 15+22. Fireworks Fri May 17 ~22:00
2024-05-23,Maidult 2024,festival_folk,Dultplatz,afternoon_late_to_evening_13:00-23:00,100000,https://www.regensburg-bayern.de/nuetzliche-infos/aktuelles/archiv/maidult-regensburg-2024.html,Maidult Regensburg 2024 - Regensburg-Bayern.de,high,Vergnügungsdult 13-23 (Fr/Sa to 23:30); Festzelte from 11. Family days Wed May 15+22. Fireworks Fri May 17 ~22:00
2024-05-24,Maidult 2024,festival_folk,Dultplatz,afternoon_late_to_evening_13:00-23:00,100000,https://www.regensburg-bayern.de/nuetzliche-infos/aktuelles/archiv/maidult-regensburg-2024.html,Maidult Regensburg 2024 - Regensburg-Bayern.de,high,Vergnügungsdult 13-23 (Fr/Sa to 23:30); Festzelte from 11. Family days Wed May 15+22. Fireworks Fri May 17 ~22:00
2024-05-25,Maidult 2024,festival_folk,Dultplatz,afternoon_late_to_evening_13:00-23:00,100000,https://www.regensburg-bayern.de/nuetzliche-infos/aktuelles/archiv/maidult-regensburg-2024.html,Maidult Regensburg 2024 - Regensburg-Bayern.de,high,Vergnügungsdult 13-23 (Fr/Sa to 23:30); Festzelte from 11. Family days Wed May 15+22. Fireworks Fri May 17 ~22:00
2024-05-26,Maidult 2024,festival_folk,Dultplatz,afternoon_late_to_evening_13:00-23:00,100000,https://www.regensburg-bayern.de/nuetzliche-infos/aktuelles/archiv/maidult-regensburg-2024.html,Maidult Regensburg 2024 - Regensburg-Bayern.de,high,Vergnügungsdult 13-23 (Fr/Sa to 23:30); Festzelte from 11. Family days Wed May 15+22. Fireworks Fri May 17 ~22:00
2024-06-21,Gassenfest 2024,festival_city,Altstadt,afternoon_to_evening,unknown,https://heutetag.com/kalender/buergerfest-regensburg/,Bürgerfest / Gassenfest Kalender,medium,Held in off-years from Bürgerfest. Smaller scale than Bürgerfest.
2024-06-22,Gassenfest 2024,festival_city,Altstadt,afternoon_to_evening,unknown,https://heutetag.com/kalender/buergerfest-regensburg/,Bürgerfest / Gassenfest Kalender,medium,Held in off-years from Bürgerfest. Smaller scale than Bürgerfest.
2024-06-23,Gassenfest 2024,festival_city,Altstadt,afternoon_to_evening,unknown,https://heutetag.com/kalender/buergerfest-regensburg/,Bürgerfest / Gassenfest Kalender,medium,Held in off-years from Bürgerfest. Smaller scale than Bürgerfest.
2024-07-12,Thurn und Taxis Schlossfestspiele 2024,concert,Schlosspark Thurn und Taxis,evening_20:30_start,unknown,https://www.thurnundtaxis.com/experience/palace-festival,Thurn und Taxis Schlossfestspiele - Official,high,Annual open-air opera and concert festival. Major artists. Significant evening demand to palace area.
2024-07-13,Thurn und Taxis Schlossfestspiele 2024,concert,Schlosspark Thurn und Taxis,evening_20:30_start,unknown,https://www.thurnundtaxis.com/experience/palace-festival,Thurn und Taxis Schlossfestspiele - Official,high,Annual open-air opera and concert festival. Major artists. Significant evening demand to palace area.
2024-07-14,Thurn und Taxis Schlossfestspiele 2024,concert,Schlosspark Thurn und Taxis,evening_20:30_start,unknown,https://www.thurnundtaxis.com/experience/palace-festival,Thurn und Taxis Schlossfestspiele - Official,high,Annual open-air opera and concert festival. Major artists. Significant evening demand to palace area.
2024-07-15,Thurn und Taxis Schlossfestspiele 2024,concert,Schlosspark Thurn und Taxis,evening_20:30_start,unknown,https://www.thurnundtaxis.com/experience/palace-festival,Thurn und Taxis Schlossfestspiele - Official,high,Annual open-air opera and concert festival. Major artists. Significant evening demand to palace area.
2024-07-16,Thurn und Taxis Schlossfestspiele 2024,concert,Schlosspark Thurn und Taxis,evening_20:30_start,unknown,https://www.thurnundtaxis.com/experience/palace-festival,Thurn und Taxis Schlossfestspiele - Official,high,Annual open-air opera and concert festival. Major artists. Significant evening demand to palace area.
2024-07-17,Thurn und Taxis Schlossfestspiele 2024,concert,Schlosspark Thurn und Taxis,evening_20:30_start,unknown,https://www.thurnundtaxis.com/experience/palace-festival,Thurn und Taxis Schlossfestspiele - Official,high,Annual open-air opera and concert festival. Major artists. Significant evening demand to palace area.
2024-07-18,Thurn und Taxis Schlossfestspiele 2024,concert,Schlosspark Thurn und Taxis,evening_20:30_start,unknown,https://www.thurnundtaxis.com/experience/palace-festival,Thurn und Taxis Schlossfestspiele - Official,high,Annual open-air opera and concert festival. Major artists. Significant evening demand to palace area.
2024-07-19,Thurn und Taxis Schlossfestspiele 2024,concert,Schlosspark Thurn und Taxis,evening_20:30_start,unknown,https://www.thurnundtaxis.com/experience/palace-festival,Thurn und Taxis Schlossfestspiele - Official,high,Annual open-air opera and concert festival. Major artists. Significant evening demand to palace area.
2024-07-20,Thurn und Taxis Schlossfestspiele 2024,concert,Schlosspark Thurn und Taxis,evening_20:30_start,unknown,https://www.thurnundtaxis.com/experience/palace-festival,Thurn und Taxis Schlossfestspiele - Official,high,Annual open-air opera and concert festival. Major artists. Significant evening demand to palace area.
2024-07-21,Thurn und Taxis Schlossfestspiele 2024,concert,Schlosspark Thurn und Taxis,evening_20:30_start,unknown,https://www.thurnundtaxis.com/experience/palace-festival,Thurn und Taxis Schlossfestspiele - Official,high,Annual open-air opera and concert festival. Major artists. Significant evening demand to palace area.
2024-08-09,Jahn vs SSV Ulm 1846,sport_football,Jahnstadion Regensburg,kickoff_20:30,15000,https://www.fussballdaten.de/vereine/jahn-regensburg/2025/spielplan/,Jahn Regensburg Spielplan 2024/25 - Fussballdaten,high,"2. Bundesliga 2024/25. Stadium capacity ~15224. Kickoff times approximate, verify exact via DFL for marquee games."
2024-08-23,Herbstdult 2024,festival_folk,Dultplatz,afternoon_late_to_evening_13:00-23:00,100000,https://www.ganz-muenchen.de/volksfeste/umland/regensburg/herbstdult/2024.html,Herbstdult Regensburg 2024 - ganz-muenchen.de,high,
2024-08-24,Herbstdult 2024,festival_folk,Dultplatz,afternoon_late_to_evening_13:00-23:00,100000,https://www.ganz-muenchen.de/volksfeste/umland/regensburg/herbstdult/2024.html,Herbstdult Regensburg 2024 - ganz-muenchen.de,high,
2024-08-25,Herbstdult 2024,festival_folk,Dultplatz,afternoon_late_to_evening_13:00-23:00,100000,https://www.ganz-muenchen.de/volksfeste/umland/regensburg/herbstdult/2024.html,Herbstdult Regensburg 2024 - ganz-muenchen.de,high,
2024-08-26,Herbstdult 2024,festival_folk,Dultplatz,afternoon_late_to_evening_13:00-23:00,100000,https://www.ganz-muenchen.de/volksfeste/umland/regensburg/herbstdult/2024.html,Herbstdult Regensburg 2024 - ganz-muenchen.de,high,
2024-08-27,Herbstdult 2024,festival_folk,Dultplatz,afternoon_late_to_evening_13:00-23:00,100000,https://www.ganz-muenchen.de/volksfeste/umland/regensburg/herbstdult/2024.html,Herbstdult Regensburg 2024 - ganz-muenchen.de,high,
2024-08-28,Herbstdult 2024,festival_folk,Dultplatz,afternoon_late_to_evening_13:00-23:00,100000,https://www.ganz-muenchen.de/volksfeste/umland/regensburg/herbstdult/2024.html,Herbstdult Regensburg 2024 - ganz-muenchen.de,high,
2024-08-29,Herbstdult 2024,festival_folk,Dultplatz,afternoon_late_to_evening_13:00-23:00,100000,https://www.ganz-muenchen.de/volksfeste/umland/regensburg/herbstdult/2024.html,Herbstdult Regensburg 2024 - ganz-muenchen.de,high,
2024-08-30,Herbstdult 2024,festival_folk,Dultplatz,afternoon_late_to_evening_13:00-23:00,100000,https://www.ganz-muenchen.de/volksfeste/umland/regensburg/herbstdult/2024.html,Herbstdult Regensburg 2024 - ganz-muenchen.de,high,
2024-08-30,Jahn vs SpVgg Greuther Fürth,sport_football,Jahnstadion Regensburg,kickoff_18:30,15000,https://www.fussballdaten.de/vereine/jahn-regensburg/2025/spielplan/,Jahn Regensburg Spielplan 2024/25 - Fussballdaten,high,"2. Bundesliga 2024/25. Stadium capacity ~15224. Kickoff times approximate, verify exact via DFL for marquee games."
2024-08-31,Herbstdult 2024,festival_folk,Dultplatz,afternoon_late_to_evening_13:00-23:00,100000,https://www.ganz-muenchen.de/volksfeste/umland/regensburg/herbstdult/2024.html,Herbstdult Regensburg 2024 - ganz-muenchen.de,high,
2024-09-01,Herbstdult 2024,festival_folk,Dultplatz,afternoon_late_to_evening_13:00-23:00,100000,https://www.ganz-muenchen.de/volksfeste/umland/regensburg/herbstdult/2024.html,Herbstdult Regensburg 2024 - ganz-muenchen.de,high,
2024-09-02,Herbstdult 2024,festival_folk,Dultplatz,afternoon_late_to_evening_13:00-23:00,100000,https://www.ganz-muenchen.de/volksfeste/umland/regensburg/herbstdult/2024.html,Herbstdult Regensburg 2024 - ganz-muenchen.de,high,
2024-09-03,Herbstdult 2024,festival_folk,Dultplatz,afternoon_late_to_evening_13:00-23:00,100000,https://www.ganz-muenchen.de/volksfeste/umland/regensburg/herbstdult/2024.html,Herbstdult Regensburg 2024 - ganz-muenchen.de,high,
2024-09-04,Herbstdult 2024,festival_folk,Dultplatz,afternoon_late_to_evening_13:00-23:00,100000,https://www.ganz-muenchen.de/volksfeste/umland/regensburg/herbstdult/2024.html,Herbstdult Regensburg 2024 - ganz-muenchen.de,high,
2024-09-05,Herbstdult 2024,festival_folk,Dultplatz,afternoon_late_to_evening_13:00-23:00,100000,https://www.ganz-muenchen.de/volksfeste/umland/regensburg/herbstdult/2024.html,Herbstdult Regensburg 2024 - ganz-muenchen.de,high,
2024-09-06,Herbstdult 2024,festival_folk,Dultplatz,afternoon_late_to_evening_13:00-23:00,100000,https://www.ganz-muenchen.de/volksfeste/umland/regensburg/herbstdult/2024.html,Herbstdult Regensburg 2024 - ganz-muenchen.de,high,
2024-09-07,Herbstdult 2024,festival_folk,Dultplatz,afternoon_late_to_evening_13:00-23:00,100000,https://www.ganz-muenchen.de/volksfeste/umland/regensburg/herbstdult/2024.html,Herbstdult Regensburg 2024 - ganz-muenchen.de,high,
2024-09-08,Herbstdult 2024,festival_folk,Dultplatz,afternoon_late_to_evening_13:00-23:00,100000,https://www.ganz-muenchen.de/volksfeste/umland/regensburg/herbstdult/2024.html,Herbstdult Regensburg 2024 - ganz-muenchen.de,high,
2024-09-13,Eisbären vs EV Landshut,sport_icehockey,Donau-Arena,kickoff_20:00,4500,https://eisbaeren-regensburg.com/derby-heimsieg-nach-penaltyschiessen-eisbaeren-regensburg-bezwingen-ev-landshut-mit-32,Derby-Heimsieg - Eisbaeren Regensburg,high,"DEL2 2024/25. Donau-Arena cap ~4862. Saisonauftakt-Derby, ausverkauft (4712)"
2024-09-20,Eisbären vs Selber Wölfe,sport_icehockey,Donau-Arena,kickoff_20:00,4500,https://eisbaeren-regensburg.com/del-2-start-fuer-eisbaeren-regensburg-heimderby-gegen-ev-landshut-und-auswaertsauftritt-beim-esv-kaufbeuren,DEL-2-Start - Eisbaeren Regensburg,high,DEL2 2024/25. Donau-Arena cap ~4862.
2024-09-22,Jahn vs Preußen Münster,sport_football,Jahnstadion Regensburg,kickoff_13:30,15000,https://www.fussballdaten.de/vereine/jahn-regensburg/2025/spielplan/,Jahn Regensburg Spielplan 2024/25 - Fussballdaten,high,"2. Bundesliga 2024/25. Stadium capacity ~15224. Kickoff times approximate, verify exact via DFL for marquee games."
2024-09-28,Jahn vs 1. FC Kaiserslautern,sport_football,Jahnstadion Regensburg,kickoff_20:30,15000,https://www.fussballdaten.de/vereine/jahn-regensburg/2025/spielplan/,Jahn Regensburg Spielplan 2024/25 - Fussballdaten,high,"2. Bundesliga 2024/25. Stadium capacity ~15224. Kickoff times approximate, verify exact via DFL for marquee games."
2024-10-19,Jahn vs Fortuna Düsseldorf,sport_football,Jahnstadion Regensburg,kickoff_20:30,15000,https://www.fussballdaten.de/vereine/jahn-regensburg/2025/spielplan/,Jahn Regensburg Spielplan 2024/25 - Fussballdaten,high,"2. Bundesliga 2024/25. Stadium capacity ~15224. Kickoff times approximate, verify exact via DFL for marquee games."
2024-10-27,Eisbären vs Starbulls Rosenheim,sport_icehockey,Donau-Arena,kickoff_17:00,4500,https://eisbaeren-regensburg.com/2024/10/31,Eisbaeren Regensburg - Okt 2024,high,DEL2 2024/25. Donau-Arena cap ~4862. Diversity Day; 4325 fans
2024-11-02,Jahn vs SV Elversberg,sport_football,Jahnstadion Regensburg,kickoff_13:00,15000,https://www.fussballdaten.de/vereine/jahn-regensburg/2025/spielplan/,Jahn Regensburg Spielplan 2024/25 - Fussballdaten,high,"2. Bundesliga 2024/25. Stadium capacity ~15224. Kickoff times approximate, verify exact via DFL for marquee games."
2024-11-17,Eisbären vs Dresdner Eislöwen,sport_icehockey,Donau-Arena,kickoff_17:00,4500,https://eisbaeren-regensburg.com/oberpfalzderby-in-weiden-am-freitag-und-kids-day-gegen-dresden-am-sonntag-eisbaeren-regensburg-kehren-aufs-eis-zurueck,Kids Day gegen Dresden - Eisbaeren Regensburg,high,DEL2 2024/25. Donau-Arena cap ~4862. Kids Day
2024-11-21,Romantischer Weihnachtsmarkt 2024,festival_christmas,Schloss Thurn und Taxis,evening_15:00-22:00,unknown,https://www.nordbayern.de/oberpfalz/regensburg/weihnachtsmarkt-in-regensburg-das-mussen-sie-wissen-1.12284156,Christkindlmarkt in Regensburg 2024 - Nordbayern,high,Ticketed event at the palace. Closed Totensonntag 24.11.2024
2024-11-22,Romantischer Weihnachtsmarkt 2024,festival_christmas,Schloss Thurn und Taxis,evening_15:00-22:00,unknown,https://www.nordbayern.de/oberpfalz/regensburg/weihnachtsmarkt-in-regensburg-das-mussen-sie-wissen-1.12284156,Christkindlmarkt in Regensburg 2024 - Nordbayern,high,Ticketed event at the palace. Closed Totensonntag 24.11.2024
2024-11-23,Romantischer Weihnachtsmarkt 2024,festival_christmas,Schloss Thurn und Taxis,evening_15:00-22:00,unknown,https://www.nordbayern.de/oberpfalz/regensburg/weihnachtsmarkt-in-regensburg-das-mussen-sie-wissen-1.12284156,Christkindlmarkt in Regensburg 2024 - Nordbayern,high,Ticketed event at the palace. Closed Totensonntag 24.11.2024
2024-11-24,Romantischer Weihnachtsmarkt 2024,festival_christmas,Schloss Thurn und Taxis,evening_15:00-22:00,unknown,https://www.nordbayern.de/oberpfalz/regensburg/weihnachtsmarkt-in-regensburg-das-mussen-sie-wissen-1.12284156,Christkindlmarkt in Regensburg 2024 - Nordbayern,high,Ticketed event at the palace. Closed Totensonntag 24.11.2024
2024-11-25,Christkindlmarkt Neupfarrplatz 2024,festival_christmas,Neupfarrplatz,afternoon_to_evening_10:00-20:00,unknown,https://www.nordbayern.de/oberpfalz/regensburg/weihnachtsmarkt-in-regensburg-das-mussen-sie-wissen-1.12284156,Christkindlmarkt in Regensburg 2024 - Nordbayern,high,"Su-Wed 10-20, Thu-Sat 10-21"
2024-11-25,Romantischer Weihnachtsmarkt 2024,festival_christmas,Schloss Thurn und Taxis,evening_15:00-22:00,unknown,https://www.nordbayern.de/oberpfalz/regensburg/weihnachtsmarkt-in-regensburg-das-mussen-sie-wissen-1.12284156,Christkindlmarkt in Regensburg 2024 - Nordbayern,high,Ticketed event at the palace. Closed Totensonntag 24.11.2024
2024-11-26,Christkindlmarkt Neupfarrplatz 2024,festival_christmas,Neupfarrplatz,afternoon_to_evening_10:00-20:00,unknown,https://www.nordbayern.de/oberpfalz/regensburg/weihnachtsmarkt-in-regensburg-das-mussen-sie-wissen-1.12284156,Christkindlmarkt in Regensburg 2024 - Nordbayern,high,"Su-Wed 10-20, Thu-Sat 10-21"
2024-11-26,Romantischer Weihnachtsmarkt 2024,festival_christmas,Schloss Thurn und Taxis,evening_15:00-22:00,unknown,https://www.nordbayern.de/oberpfalz/regensburg/weihnachtsmarkt-in-regensburg-das-mussen-sie-wissen-1.12284156,Christkindlmarkt in Regensburg 2024 - Nordbayern,high,Ticketed event at the palace. Closed Totensonntag 24.11.2024
2024-11-27,Christkindlmarkt Neupfarrplatz 2024,festival_christmas,Neupfarrplatz,afternoon_to_evening_10:00-20:00,unknown,https://www.nordbayern.de/oberpfalz/regensburg/weihnachtsmarkt-in-regensburg-das-mussen-sie-wissen-1.12284156,Christkindlmarkt in Regensburg 2024 - Nordbayern,high,"Su-Wed 10-20, Thu-Sat 10-21"
2024-11-27,Romantischer Weihnachtsmarkt 2024,festival_christmas,Schloss Thurn und Taxis,evening_15:00-22:00,unknown,https://www.nordbayern.de/oberpfalz/regensburg/weihnachtsmarkt-in-regensburg-das-mussen-sie-wissen-1.12284156,Christkindlmarkt in Regensburg 2024 - Nordbayern,high,Ticketed event at the palace. Closed Totensonntag 24.11.2024
2024-11-28,Christkindlmarkt Neupfarrplatz 2024,festival_christmas,Neupfarrplatz,afternoon_to_evening_10:00-20:00,unknown,https://www.nordbayern.de/oberpfalz/regensburg/weihnachtsmarkt-in-regensburg-das-mussen-sie-wissen-1.12284156,Christkindlmarkt in Regensburg 2024 - Nordbayern,high,"Su-Wed 10-20, Thu-Sat 10-21"
2024-11-28,Romantischer Weihnachtsmarkt 2024,festival_christmas,Schloss Thurn und Taxis,evening_15:00-22:00,unknown,https://www.nordbayern.de/oberpfalz/regensburg/weihnachtsmarkt-in-regensburg-das-mussen-sie-wissen-1.12284156,Christkindlmarkt in Regensburg 2024 - Nordbayern,high,Ticketed event at the palace. Closed Totensonntag 24.11.2024
2024-11-29,Christkindlmarkt Neupfarrplatz 2024,festival_christmas,Neupfarrplatz,afternoon_to_evening_10:00-20:00,unknown,https://www.nordbayern.de/oberpfalz/regensburg/weihnachtsmarkt-in-regensburg-das-mussen-sie-wissen-1.12284156,Christkindlmarkt in Regensburg 2024 - Nordbayern,high,"Su-Wed 10-20, Thu-Sat 10-21"
2024-11-29,Lucrezia-Markt 2024,festival_christmas,Haidplatz,afternoon_to_evening_11:00-20:00,unknown,https://www.bayernradar.de/events/lucrezia-markt-regensburg,Lucrezia-Markt Regensburg - Bayernradar,high,"Su-Thu 11-20, Fri-Sat 11-21"
2024-11-29,Romantischer Weihnachtsmarkt 2024,festival_christmas,Schloss Thurn und Taxis,evening_15:00-22:00,unknown,https://www.nordbayern.de/oberpfalz/regensburg/weihnachtsmarkt-in-regensburg-das-mussen-sie-wissen-1.12284156,Christkindlmarkt in Regensburg 2024 - Nordbayern,high,Ticketed event at the palace. Closed Totensonntag 24.11.2024
2024-11-30,Christkindlmarkt Neupfarrplatz 2024,festival_christmas,Neupfarrplatz,afternoon_to_evening_10:00-20:00,unknown,https://www.nordbayern.de/oberpfalz/regensburg/weihnachtsmarkt-in-regensburg-das-mussen-sie-wissen-1.12284156,Christkindlmarkt in Regensburg 2024 - Nordbayern,high,"Su-Wed 10-20, Thu-Sat 10-21"
2024-11-30,Lucrezia-Markt 2024,festival_christmas,Haidplatz,afternoon_to_evening_11:00-20:00,unknown,https://www.bayernradar.de/events/lucrezia-markt-regensburg,Lucrezia-Markt Regensburg - Bayernradar,high,"Su-Thu 11-20, Fri-Sat 11-21"
2024-11-30,Romantischer Weihnachtsmarkt 2024,festival_christmas,Schloss Thurn und Taxis,evening_15:00-22:00,unknown,https://www.nordbayern.de/oberpfalz/regensburg/weihnachtsmarkt-in-regensburg-das-mussen-sie-wissen-1.12284156,Christkindlmarkt in Regensburg 2024 - Nordbayern,high,Ticketed event at the palace. Closed Totensonntag 24.11.2024
2024-12-01,Christkindlmarkt Neupfarrplatz 2024,festival_christmas,Neupfarrplatz,afternoon_to_evening_10:00-20:00,unknown,https://www.nordbayern.de/oberpfalz/regensburg/weihnachtsmarkt-in-regensburg-das-mussen-sie-wissen-1.12284156,Christkindlmarkt in Regensburg 2024 - Nordbayern,high,"Su-Wed 10-20, Thu-Sat 10-21"
2024-12-01,Eisbären vs Lausitzer Füchse,sport_icehockey,Donau-Arena,kickoff_17:00,4500,https://eisbaeren-regensburg.com/,Eisbaeren Regensburg - Dez 2024,high,DEL2 2024/25. Donau-Arena cap ~4862.
2024-12-01,Lucrezia-Markt 2024,festival_christmas,Haidplatz,afternoon_to_evening_11:00-20:00,unknown,https://www.bayernradar.de/events/lucrezia-markt-regensburg,Lucrezia-Markt Regensburg - Bayernradar,high,"Su-Thu 11-20, Fri-Sat 11-21"
2024-12-01,Romantischer Weihnachtsmarkt 2024,festival_christmas,Schloss Thurn und Taxis,evening_15:00-22:00,unknown,https://www.nordbayern.de/oberpfalz/regensburg/weihnachtsmarkt-in-regensburg-das-mussen-sie-wissen-1.12284156,Christkindlmarkt in Regensburg 2024 - Nordbayern,high,Ticketed event at the palace. Closed Totensonntag 24.11.2024
2024-12-02,Christkindlmarkt Neupfarrplatz 2024,festival_christmas,Neupfarrplatz,afternoon_to_evening_10:00-20:00,unknown,https://www.nordbayern.de/oberpfalz/regensburg/weihnachtsmarkt-in-regensburg-das-mussen-sie-wissen-1.12284156,Christkindlmarkt in Regensburg 2024 - Nordbayern,high,"Su-Wed 10-20, Thu-Sat 10-21"
2024-12-02,Lucrezia-Markt 2024,festival_christmas,Haidplatz,afternoon_to_evening_11:00-20:00,unknown,https://www.bayernradar.de/events/lucrezia-markt-regensburg,Lucrezia-Markt Regensburg - Bayernradar,high,"Su-Thu 11-20, Fri-Sat 11-21"
2024-12-02,Romantischer Weihnachtsmarkt 2024,festival_christmas,Schloss Thurn und Taxis,evening_15:00-22:00,unknown,https://www.nordbayern.de/oberpfalz/regensburg/weihnachtsmarkt-in-regensburg-das-mussen-sie-wissen-1.12284156,Christkindlmarkt in Regensburg 2024 - Nordbayern,high,Ticketed event at the palace. Closed Totensonntag 24.11.2024
2024-12-03,Christkindlmarkt Neupfarrplatz 2024,festival_christmas,Neupfarrplatz,afternoon_to_evening_10:00-20:00,unknown,https://www.nordbayern.de/oberpfalz/regensburg/weihnachtsmarkt-in-regensburg-das-mussen-sie-wissen-1.12284156,Christkindlmarkt in Regensburg 2024 - Nordbayern,high,"Su-Wed 10-20, Thu-Sat 10-21"
2024-12-03,Lucrezia-Markt 2024,festival_christmas,Haidplatz,afternoon_to_evening_11:00-20:00,unknown,https://www.bayernradar.de/events/lucrezia-markt-regensburg,Lucrezia-Markt Regensburg - Bayernradar,high,"Su-Thu 11-20, Fri-Sat 11-21"
2024-12-03,Romantischer Weihnachtsmarkt 2024,festival_christmas,Schloss Thurn und Taxis,evening_15:00-22:00,unknown,https://www.nordbayern.de/oberpfalz/regensburg/weihnachtsmarkt-in-regensburg-das-mussen-sie-wissen-1.12284156,Christkindlmarkt in Regensburg 2024 - Nordbayern,high,Ticketed event at the palace. Closed Totensonntag 24.11.2024
2024-12-04,Christkindlmarkt Neupfarrplatz 2024,festival_christmas,Neupfarrplatz,afternoon_to_evening_10:00-20:00,unknown,https://www.nordbayern.de/oberpfalz/regensburg/weihnachtsmarkt-in-regensburg-das-mussen-sie-wissen-1.12284156,Christkindlmarkt in Regensburg 2024 - Nordbayern,high,"Su-Wed 10-20, Thu-Sat 10-21"
2024-12-04,Lucrezia-Markt 2024,festival_christmas,Haidplatz,afternoon_to_evening_11:00-20:00,unknown,https://www.bayernradar.de/events/lucrezia-markt-regensburg,Lucrezia-Markt Regensburg - Bayernradar,high,"Su-Thu 11-20, Fri-Sat 11-21"
2024-12-04,Romantischer Weihnachtsmarkt 2024,festival_christmas,Schloss Thurn und Taxis,evening_15:00-22:00,unknown,https://www.nordbayern.de/oberpfalz/regensburg/weihnachtsmarkt-in-regensburg-das-mussen-sie-wissen-1.12284156,Christkindlmarkt in Regensburg 2024 - Nordbayern,high,Ticketed event at the palace. Closed Totensonntag 24.11.2024
2024-12-05,Christkindlmarkt Neupfarrplatz 2024,festival_christmas,Neupfarrplatz,afternoon_to_evening_10:00-20:00,unknown,https://www.nordbayern.de/oberpfalz/regensburg/weihnachtsmarkt-in-regensburg-das-mussen-sie-wissen-1.12284156,Christkindlmarkt in Regensburg 2024 - Nordbayern,high,"Su-Wed 10-20, Thu-Sat 10-21"
2024-12-05,Lucrezia-Markt 2024,festival_christmas,Haidplatz,afternoon_to_evening_11:00-20:00,unknown,https://www.bayernradar.de/events/lucrezia-markt-regensburg,Lucrezia-Markt Regensburg - Bayernradar,high,"Su-Thu 11-20, Fri-Sat 11-21"
2024-12-05,Romantischer Weihnachtsmarkt 2024,festival_christmas,Schloss Thurn und Taxis,evening_15:00-22:00,unknown,https://www.nordbayern.de/oberpfalz/regensburg/weihnachtsmarkt-in-regensburg-das-mussen-sie-wissen-1.12284156,Christkindlmarkt in Regensburg 2024 - Nordbayern,high,Ticketed event at the palace. Closed Totensonntag 24.11.2024
2024-12-06,Christkindlmarkt Neupfarrplatz 2024,festival_christmas,Neupfarrplatz,afternoon_to_evening_10:00-20:00,unknown,https://www.nordbayern.de/oberpfalz/regensburg/weihnachtsmarkt-in-regensburg-das-mussen-sie-wissen-1.12284156,Christkindlmarkt in Regensburg 2024 - Nordbayern,high,"Su-Wed 10-20, Thu-Sat 10-21"
2024-12-06,Lucrezia-Markt 2024,festival_christmas,Haidplatz,afternoon_to_evening_11:00-20:00,unknown,https://www.bayernradar.de/events/lucrezia-markt-regensburg,Lucrezia-Markt Regensburg - Bayernradar,high,"Su-Thu 11-20, Fri-Sat 11-21"
2024-12-06,Romantischer Weihnachtsmarkt 2024,festival_christmas,Schloss Thurn und Taxis,evening_15:00-22:00,unknown,https://www.nordbayern.de/oberpfalz/regensburg/weihnachtsmarkt-in-regensburg-das-mussen-sie-wissen-1.12284156,Christkindlmarkt in Regensburg 2024 - Nordbayern,high,Ticketed event at the palace. Closed Totensonntag 24.11.2024
2024-12-07,Christkindlmarkt Neupfarrplatz 2024,festival_christmas,Neupfarrplatz,afternoon_to_evening_10:00-20:00,unknown,https://www.nordbayern.de/oberpfalz/regensburg/weihnachtsmarkt-in-regensburg-das-mussen-sie-wissen-1.12284156,Christkindlmarkt in Regensburg 2024 - Nordbayern,high,"Su-Wed 10-20, Thu-Sat 10-21"
2024-12-07,Lucrezia-Markt 2024,festival_christmas,Haidplatz,afternoon_to_evening_11:00-20:00,unknown,https://www.bayernradar.de/events/lucrezia-markt-regensburg,Lucrezia-Markt Regensburg - Bayernradar,high,"Su-Thu 11-20, Fri-Sat 11-21"
2024-12-07,Romantischer Weihnachtsmarkt 2024,festival_christmas,Schloss Thurn und Taxis,evening_15:00-22:00,unknown,https://www.nordbayern.de/oberpfalz/regensburg/weihnachtsmarkt-in-regensburg-das-mussen-sie-wissen-1.12284156,Christkindlmarkt in Regensburg 2024 - Nordbayern,high,Ticketed event at the palace. Closed Totensonntag 24.11.2024
2024-12-08,Christkindlmarkt Neupfarrplatz 2024,festival_christmas,Neupfarrplatz,afternoon_to_evening_10:00-20:00,unknown,https://www.nordbayern.de/oberpfalz/regensburg/weihnachtsmarkt-in-regensburg-das-mussen-sie-wissen-1.12284156,Christkindlmarkt in Regensburg 2024 - Nordbayern,high,"Su-Wed 10-20, Thu-Sat 10-21"
2024-12-08,Jahn vs 1. FC Köln,sport_football,Jahnstadion Regensburg,kickoff_13:30,15000,https://www.fussballdaten.de/vereine/jahn-regensburg/2025/spielplan/,Jahn Regensburg Spielplan 2024/25 - Fussballdaten,high,"2. Bundesliga 2024/25. Stadium capacity ~15224. Kickoff times approximate, verify exact via DFL for marquee games."
2024-12-08,Lucrezia-Markt 2024,festival_christmas,Haidplatz,afternoon_to_evening_11:00-20:00,unknown,https://www.bayernradar.de/events/lucrezia-markt-regensburg,Lucrezia-Markt Regensburg - Bayernradar,high,"Su-Thu 11-20, Fri-Sat 11-21"
2024-12-08,Romantischer Weihnachtsmarkt 2024,festival_christmas,Schloss Thurn und Taxis,evening_15:00-22:00,unknown,https://www.nordbayern.de/oberpfalz/regensburg/weihnachtsmarkt-in-regensburg-das-mussen-sie-wissen-1.12284156,Christkindlmarkt in Regensburg 2024 - Nordbayern,high,Ticketed event at the palace. Closed Totensonntag 24.11.2024
2024-12-09,Christkindlmarkt Neupfarrplatz 2024,festival_christmas,Neupfarrplatz,afternoon_to_evening_10:00-20:00,unknown,https://www.nordbayern.de/oberpfalz/regensburg/weihnachtsmarkt-in-regensburg-das-mussen-sie-wissen-1.12284156,Christkindlmarkt in Regensburg 2024 - Nordbayern,high,"Su-Wed 10-20, Thu-Sat 10-21"
2024-12-09,Lucrezia-Markt 2024,festival_christmas,Haidplatz,afternoon_to_evening_11:00-20:00,unknown,https://www.bayernradar.de/events/lucrezia-markt-regensburg,Lucrezia-Markt Regensburg - Bayernradar,high,"Su-Thu 11-20, Fri-Sat 11-21"
2024-12-09,Romantischer Weihnachtsmarkt 2024,festival_christmas,Schloss Thurn und Taxis,evening_15:00-22:00,unknown,https://www.nordbayern.de/oberpfalz/regensburg/weihnachtsmarkt-in-regensburg-das-mussen-sie-wissen-1.12284156,Christkindlmarkt in Regensburg 2024 - Nordbayern,high,Ticketed event at the palace. Closed Totensonntag 24.11.2024
2024-12-10,Christkindlmarkt Neupfarrplatz 2024,festival_christmas,Neupfarrplatz,afternoon_to_evening_10:00-20:00,unknown,https://www.nordbayern.de/oberpfalz/regensburg/weihnachtsmarkt-in-regensburg-das-mussen-sie-wissen-1.12284156,Christkindlmarkt in Regensburg 2024 - Nordbayern,high,"Su-Wed 10-20, Thu-Sat 10-21"
2024-12-10,Lucrezia-Markt 2024,festival_christmas,Haidplatz,afternoon_to_evening_11:00-20:00,unknown,https://www.bayernradar.de/events/lucrezia-markt-regensburg,Lucrezia-Markt Regensburg - Bayernradar,high,"Su-Thu 11-20, Fri-Sat 11-21"
2024-12-10,Romantischer Weihnachtsmarkt 2024,festival_christmas,Schloss Thurn und Taxis,evening_15:00-22:00,unknown,https://www.nordbayern.de/oberpfalz/regensburg/weihnachtsmarkt-in-regensburg-das-mussen-sie-wissen-1.12284156,Christkindlmarkt in Regensburg 2024 - Nordbayern,high,Ticketed event at the palace. Closed Totensonntag 24.11.2024
2024-12-11,Christkindlmarkt Neupfarrplatz 2024,festival_christmas,Neupfarrplatz,afternoon_to_evening_10:00-20:00,unknown,https://www.nordbayern.de/oberpfalz/regensburg/weihnachtsmarkt-in-regensburg-das-mussen-sie-wissen-1.12284156,Christkindlmarkt in Regensburg 2024 - Nordbayern,high,"Su-Wed 10-20, Thu-Sat 10-21"
2024-12-11,Lucrezia-Markt 2024,festival_christmas,Haidplatz,afternoon_to_evening_11:00-20:00,unknown,https://www.bayernradar.de/events/lucrezia-markt-regensburg,Lucrezia-Markt Regensburg - Bayernradar,high,"Su-Thu 11-20, Fri-Sat 11-21"
2024-12-11,Romantischer Weihnachtsmarkt 2024,festival_christmas,Schloss Thurn und Taxis,evening_15:00-22:00,unknown,https://www.nordbayern.de/oberpfalz/regensburg/weihnachtsmarkt-in-regensburg-das-mussen-sie-wissen-1.12284156,Christkindlmarkt in Regensburg 2024 - Nordbayern,high,Ticketed event at the palace. Closed Totensonntag 24.11.2024
2024-12-12,Christkindlmarkt Neupfarrplatz 2024,festival_christmas,Neupfarrplatz,afternoon_to_evening_10:00-20:00,unknown,https://www.nordbayern.de/oberpfalz/regensburg/weihnachtsmarkt-in-regensburg-das-mussen-sie-wissen-1.12284156,Christkindlmarkt in Regensburg 2024 - Nordbayern,high,"Su-Wed 10-20, Thu-Sat 10-21"
2024-12-12,Lucrezia-Markt 2024,festival_christmas,Haidplatz,afternoon_to_evening_11:00-20:00,unknown,https://www.bayernradar.de/events/lucrezia-markt-regensburg,Lucrezia-Markt Regensburg - Bayernradar,high,"Su-Thu 11-20, Fri-Sat 11-21"
2024-12-12,Romantischer Weihnachtsmarkt 2024,festival_christmas,Schloss Thurn und Taxis,evening_15:00-22:00,unknown,https://www.nordbayern.de/oberpfalz/regensburg/weihnachtsmarkt-in-regensburg-das-mussen-sie-wissen-1.12284156,Christkindlmarkt in Regensburg 2024 - Nordbayern,high,Ticketed event at the palace. Closed Totensonntag 24.11.2024
2024-12-13,Christkindlmarkt Neupfarrplatz 2024,festival_christmas,Neupfarrplatz,afternoon_to_evening_10:00-20:00,unknown,https://www.nordbayern.de/oberpfalz/regensburg/weihnachtsmarkt-in-regensburg-das-mussen-sie-wissen-1.12284156,Christkindlmarkt in Regensburg 2024 - Nordbayern,high,"Su-Wed 10-20, Thu-Sat 10-21"
2024-12-13,Lucrezia-Markt 2024,festival_christmas,Haidplatz,afternoon_to_evening_11:00-20:00,unknown,https://www.bayernradar.de/events/lucrezia-markt-regensburg,Lucrezia-Markt Regensburg - Bayernradar,high,"Su-Thu 11-20, Fri-Sat 11-21"
2024-12-13,Romantischer Weihnachtsmarkt 2024,festival_christmas,Schloss Thurn und Taxis,evening_15:00-22:00,unknown,https://www.nordbayern.de/oberpfalz/regensburg/weihnachtsmarkt-in-regensburg-das-mussen-sie-wissen-1.12284156,Christkindlmarkt in Regensburg 2024 - Nordbayern,high,Ticketed event at the palace. Closed Totensonntag 24.11.2024
2024-12-14,Christkindlmarkt Neupfarrplatz 2024,festival_christmas,Neupfarrplatz,afternoon_to_evening_10:00-20:00,unknown,https://www.nordbayern.de/oberpfalz/regensburg/weihnachtsmarkt-in-regensburg-das-mussen-sie-wissen-1.12284156,Christkindlmarkt in Regensburg 2024 - Nordbayern,high,"Su-Wed 10-20, Thu-Sat 10-21"
2024-12-14,Lucrezia-Markt 2024,festival_christmas,Haidplatz,afternoon_to_evening_11:00-20:00,unknown,https://www.bayernradar.de/events/lucrezia-markt-regensburg,Lucrezia-Markt Regensburg - Bayernradar,high,"Su-Thu 11-20, Fri-Sat 11-21"
2024-12-14,Romantischer Weihnachtsmarkt 2024,festival_christmas,Schloss Thurn und Taxis,evening_15:00-22:00,unknown,https://www.nordbayern.de/oberpfalz/regensburg/weihnachtsmarkt-in-regensburg-das-mussen-sie-wissen-1.12284156,Christkindlmarkt in Regensburg 2024 - Nordbayern,high,Ticketed event at the palace. Closed Totensonntag 24.11.2024
2024-12-15,Christkindlmarkt Neupfarrplatz 2024,festival_christmas,Neupfarrplatz,afternoon_to_evening_10:00-20:00,unknown,https://www.nordbayern.de/oberpfalz/regensburg/weihnachtsmarkt-in-regensburg-das-mussen-sie-wissen-1.12284156,Christkindlmarkt in Regensburg 2024 - Nordbayern,high,"Su-Wed 10-20, Thu-Sat 10-21"
2024-12-15,Eisbären vs EV Landshut,sport_icehockey,Donau-Arena,kickoff_17:00,4500,https://eisbaeren-regensburg.com/,Eisbaeren Regensburg - Dez 2024,high,DEL2 2024/25. Donau-Arena cap ~4862. Derby
2024-12-15,Lucrezia-Markt 2024,festival_christmas,Haidplatz,afternoon_to_evening_11:00-20:00,unknown,https://www.bayernradar.de/events/lucrezia-markt-regensburg,Lucrezia-Markt Regensburg - Bayernradar,high,"Su-Thu 11-20, Fri-Sat 11-21"
2024-12-15,Romantischer Weihnachtsmarkt 2024,festival_christmas,Schloss Thurn und Taxis,evening_15:00-22:00,unknown,https://www.nordbayern.de/oberpfalz/regensburg/weihnachtsmarkt-in-regensburg-das-mussen-sie-wissen-1.12284156,Christkindlmarkt in Regensburg 2024 - Nordbayern,high,Ticketed event at the palace. Closed Totensonntag 24.11.2024
2024-12-16,Christkindlmarkt Neupfarrplatz 2024,festival_christmas,Neupfarrplatz,afternoon_to_evening_10:00-20:00,unknown,https://www.nordbayern.de/oberpfalz/regensburg/weihnachtsmarkt-in-regensburg-das-mussen-sie-wissen-1.12284156,Christkindlmarkt in Regensburg 2024 - Nordbayern,high,"Su-Wed 10-20, Thu-Sat 10-21"
2024-12-16,Lucrezia-Markt 2024,festival_christmas,Haidplatz,afternoon_to_evening_11:00-20:00,unknown,https://www.bayernradar.de/events/lucrezia-markt-regensburg,Lucrezia-Markt Regensburg - Bayernradar,high,"Su-Thu 11-20, Fri-Sat 11-21"
2024-12-16,Romantischer Weihnachtsmarkt 2024,festival_christmas,Schloss Thurn und Taxis,evening_15:00-22:00,unknown,https://www.nordbayern.de/oberpfalz/regensburg/weihnachtsmarkt-in-regensburg-das-mussen-sie-wissen-1.12284156,Christkindlmarkt in Regensburg 2024 - Nordbayern,high,Ticketed event at the palace. Closed Totensonntag 24.11.2024
2024-12-17,Christkindlmarkt Neupfarrplatz 2024,festival_christmas,Neupfarrplatz,afternoon_to_evening_10:00-20:00,unknown,https://www.nordbayern.de/oberpfalz/regensburg/weihnachtsmarkt-in-regensburg-das-mussen-sie-wissen-1.12284156,Christkindlmarkt in Regensburg 2024 - Nordbayern,high,"Su-Wed 10-20, Thu-Sat 10-21"
2024-12-17,Lucrezia-Markt 2024,festival_christmas,Haidplatz,afternoon_to_evening_11:00-20:00,unknown,https://www.bayernradar.de/events/lucrezia-markt-regensburg,Lucrezia-Markt Regensburg - Bayernradar,high,"Su-Thu 11-20, Fri-Sat 11-21"
2024-12-17,Romantischer Weihnachtsmarkt 2024,festival_christmas,Schloss Thurn und Taxis,evening_15:00-22:00,unknown,https://www.nordbayern.de/oberpfalz/regensburg/weihnachtsmarkt-in-regensburg-das-mussen-sie-wissen-1.12284156,Christkindlmarkt in Regensburg 2024 - Nordbayern,high,Ticketed event at the palace. Closed Totensonntag 24.11.2024
2024-12-18,Christkindlmarkt Neupfarrplatz 2024,festival_christmas,Neupfarrplatz,afternoon_to_evening_10:00-20:00,unknown,https://www.nordbayern.de/oberpfalz/regensburg/weihnachtsmarkt-in-regensburg-das-mussen-sie-wissen-1.12284156,Christkindlmarkt in Regensburg 2024 - Nordbayern,high,"Su-Wed 10-20, Thu-Sat 10-21"
2024-12-18,Lucrezia-Markt 2024,festival_christmas,Haidplatz,afternoon_to_evening_11:00-20:00,unknown,https://www.bayernradar.de/events/lucrezia-markt-regensburg,Lucrezia-Markt Regensburg - Bayernradar,high,"Su-Thu 11-20, Fri-Sat 11-21"
2024-12-18,Romantischer Weihnachtsmarkt 2024,festival_christmas,Schloss Thurn und Taxis,evening_15:00-22:00,unknown,https://www.nordbayern.de/oberpfalz/regensburg/weihnachtsmarkt-in-regensburg-das-mussen-sie-wissen-1.12284156,Christkindlmarkt in Regensburg 2024 - Nordbayern,high,Ticketed event at the palace. Closed Totensonntag 24.11.2024
2024-12-19,Christkindlmarkt Neupfarrplatz 2024,festival_christmas,Neupfarrplatz,afternoon_to_evening_10:00-20:00,unknown,https://www.nordbayern.de/oberpfalz/regensburg/weihnachtsmarkt-in-regensburg-das-mussen-sie-wissen-1.12284156,Christkindlmarkt in Regensburg 2024 - Nordbayern,high,"Su-Wed 10-20, Thu-Sat 10-21"
2024-12-19,Lucrezia-Markt 2024,festival_christmas,Haidplatz,afternoon_to_evening_11:00-20:00,unknown,https://www.bayernradar.de/events/lucrezia-markt-regensburg,Lucrezia-Markt Regensburg - Bayernradar,high,"Su-Thu 11-20, Fri-Sat 11-21"
2024-12-19,Romantischer Weihnachtsmarkt 2024,festival_christmas,Schloss Thurn und Taxis,evening_15:00-22:00,unknown,https://www.nordbayern.de/oberpfalz/regensburg/weihnachtsmarkt-in-regensburg-das-mussen-sie-wissen-1.12284156,Christkindlmarkt in Regensburg 2024 - Nordbayern,high,Ticketed event at the palace. Closed Totensonntag 24.11.2024
2024-12-20,Christkindlmarkt Neupfarrplatz 2024,festival_christmas,Neupfarrplatz,afternoon_to_evening_10:00-20:00,unknown,https://www.nordbayern.de/oberpfalz/regensburg/weihnachtsmarkt-in-regensburg-das-mussen-sie-wissen-1.12284156,Christkindlmarkt in Regensburg 2024 - Nordbayern,high,"Su-Wed 10-20, Thu-Sat 10-21"
2024-12-20,Lucrezia-Markt 2024,festival_christmas,Haidplatz,afternoon_to_evening_11:00-20:00,unknown,https://www.bayernradar.de/events/lucrezia-markt-regensburg,Lucrezia-Markt Regensburg - Bayernradar,high,"Su-Thu 11-20, Fri-Sat 11-21"
2024-12-20,Romantischer Weihnachtsmarkt 2024,festival_christmas,Schloss Thurn und Taxis,evening_15:00-22:00,unknown,https://www.nordbayern.de/oberpfalz/regensburg/weihnachtsmarkt-in-regensburg-das-mussen-sie-wissen-1.12284156,Christkindlmarkt in Regensburg 2024 - Nordbayern,high,Ticketed event at the palace. Closed Totensonntag 24.11.2024
2024-12-21,Christkindlmarkt Neupfarrplatz 2024,festival_christmas,Neupfarrplatz,afternoon_to_evening_10:00-20:00,unknown,https://www.nordbayern.de/oberpfalz/regensburg/weihnachtsmarkt-in-regensburg-das-mussen-sie-wissen-1.12284156,Christkindlmarkt in Regensburg 2024 - Nordbayern,high,"Su-Wed 10-20, Thu-Sat 10-21"
2024-12-21,Lucrezia-Markt 2024,festival_christmas,Haidplatz,afternoon_to_evening_11:00-20:00,unknown,https://www.bayernradar.de/events/lucrezia-markt-regensburg,Lucrezia-Markt Regensburg - Bayernradar,high,"Su-Thu 11-20, Fri-Sat 11-21"
2024-12-21,Romantischer Weihnachtsmarkt 2024,festival_christmas,Schloss Thurn und Taxis,evening_15:00-22:00,unknown,https://www.nordbayern.de/oberpfalz/regensburg/weihnachtsmarkt-in-regensburg-das-mussen-sie-wissen-1.12284156,Christkindlmarkt in Regensburg 2024 - Nordbayern,high,Ticketed event at the palace. Closed Totensonntag 24.11.2024
2024-12-22,Christkindlmarkt Neupfarrplatz 2024,festival_christmas,Neupfarrplatz,afternoon_to_evening_10:00-20:00,unknown,https://www.nordbayern.de/oberpfalz/regensburg/weihnachtsmarkt-in-regensburg-das-mussen-sie-wissen-1.12284156,Christkindlmarkt in Regensburg 2024 - Nordbayern,high,"Su-Wed 10-20, Thu-Sat 10-21"
2024-12-22,Eisbären vs Selber Wölfe,sport_icehockey,Donau-Arena,kickoff_17:00,4500,https://eisbaeren-regensburg.com/,Eisbaeren Regensburg - Dez 2024,high,DEL2 2024/25. Donau-Arena cap ~4862. F*CK CANCER Day
2024-12-22,Jahn vs SV Darmstadt 98,sport_football,Jahnstadion Regensburg,kickoff_13:30,15000,https://www.fussballdaten.de/vereine/jahn-regensburg/2025/spielplan/,Jahn Regensburg Spielplan 2024/25 - Fussballdaten,high,"2. Bundesliga 2024/25. Stadium capacity ~15224. Kickoff times approximate, verify exact via DFL for marquee games."
2024-12-22,Lucrezia-Markt 2024,festival_christmas,Haidplatz,afternoon_to_evening_11:00-20:00,unknown,https://www.bayernradar.de/events/lucrezia-markt-regensburg,Lucrezia-Markt Regensburg - Bayernradar,high,"Su-Thu 11-20, Fri-Sat 11-21"
2024-12-22,Romantischer Weihnachtsmarkt 2024,festival_christmas,Schloss Thurn und Taxis,evening_15:00-22:00,unknown,https://www.nordbayern.de/oberpfalz/regensburg/weihnachtsmarkt-in-regensburg-das-mussen-sie-wissen-1.12284156,Christkindlmarkt in Regensburg 2024 - Nordbayern,high,Ticketed event at the palace. Closed Totensonntag 24.11.2024
2024-12-23,Christkindlmarkt Neupfarrplatz 2024,festival_christmas,Neupfarrplatz,afternoon_to_evening_10:00-20:00,unknown,https://www.nordbayern.de/oberpfalz/regensburg/weihnachtsmarkt-in-regensburg-das-mussen-sie-wissen-1.12284156,Christkindlmarkt in Regensburg 2024 - Nordbayern,high,"Su-Wed 10-20, Thu-Sat 10-21"
2024-12-23,Lucrezia-Markt 2024,festival_christmas,Haidplatz,afternoon_to_evening_11:00-20:00,unknown,https://www.bayernradar.de/events/lucrezia-markt-regensburg,Lucrezia-Markt Regensburg - Bayernradar,high,"Su-Thu 11-20, Fri-Sat 11-21"
2024-12-28,Eisbären vs Ravensburg Towerstars,sport_icehockey,Donau-Arena,kickoff_20:00,4500,https://eisbaeren-regensburg.com/2024/12/28,Eisbaeren Regensburg - 28.12.2024,high,DEL2 2024/25. Donau-Arena cap ~4862.
2025-01-05,Eisbären vs Blue Devils Weiden,sport_icehockey,Donau-Arena,kickoff_17:00,4500,https://eisbaeren-regensburg.com/,Eisbaeren Regensburg - Jan 2025,high,DEL2 2024/25. Donau-Arena cap ~4862. Derby
2025-01-17,Jahn vs Hannover 96,sport_football,Jahnstadion Regensburg,kickoff_18:30,15000,https://www.fussballdaten.de/vereine/jahn-regensburg/2025/spielplan/,Jahn Regensburg Spielplan 2024/25 - Fussballdaten,high,"2. Bundesliga 2024/25. Stadium capacity ~15224. Kickoff times approximate, verify exact via DFL for marquee games."
2025-02-01,Jahn vs Hertha BSC,sport_football,Jahnstadion Regensburg,kickoff_13:00,15000,https://www.fussballdaten.de/vereine/jahn-regensburg/2025/spielplan/,Jahn Regensburg Spielplan 2024/25 - Fussballdaten,high,"2. Bundesliga 2024/25. Stadium capacity ~15224. Kickoff times approximate, verify exact via DFL for marquee games."
2025-02-14,Eisbären vs Eispiraten Crimmitschau,sport_icehockey,Donau-Arena,kickoff_20:00,4500,https://eisbaeren-regensburg.com/,Eisbaeren Regensburg - Feb 2025,high,DEL2 2024/25. Donau-Arena cap ~4862.
2025-02-16,Jahn vs Hamburger SV,sport_football,Jahnstadion Regensburg,kickoff_13:30,15000,https://www.fussballdaten.de/vereine/jahn-regensburg/2025/spielplan/,Jahn Regensburg Spielplan 2024/25 - Fussballdaten,high,"2. Bundesliga 2024/25. Stadium capacity ~15224. Kickoff times approximate, verify exact via DFL for marquee games."
2025-02-28,Eisbären vs ESV Kaufbeuren,sport_icehockey,Donau-Arena,kickoff_19:30,4500,https://eisbaeren-regensburg.com/zwei-heimspiele-zum-hauptrundenende,Zwei Heimspiele zum Hauptrundenende - Eisbaeren Regensburg,high,DEL2 2024/25. Donau-Arena cap ~4862. Hauptrundenende
2025-03-02,Eisbären vs EC Kassel Huskies,sport_icehockey,Donau-Arena,kickoff_17:00,4500,https://eisbaeren-regensburg.com/zwei-heimspiele-zum-hauptrundenende,Zwei Heimspiele zum Hauptrundenende - Eisbaeren Regensburg,high,DEL2 2024/25. Donau-Arena cap ~4862. Hauptrundenende
2025-03-09,Jahn vs SC Paderborn 07,sport_football,Jahnstadion Regensburg,kickoff_13:30,15000,https://www.fussballdaten.de/vereine/jahn-regensburg/2025/spielplan/,Jahn Regensburg Spielplan 2024/25 - Fussballdaten,high,"2. Bundesliga 2024/25. Stadium capacity ~15224. Kickoff times approximate, verify exact via DFL for marquee games."
2025-03-30,Jahn vs 1. FC Nürnberg,sport_football,Jahnstadion Regensburg,kickoff_13:30,15000,https://www.fussballdaten.de/vereine/jahn-regensburg/2025/spielplan/,Jahn Regensburg Spielplan 2024/25 - Fussballdaten,high,"2. Bundesliga 2024/25. Stadium capacity ~15224. Kickoff times approximate, verify exact via DFL for marquee games."
2025-04-13,Jahn vs FC Schalke 04,sport_football,Jahnstadion Regensburg,kickoff_13:30,15000,https://www.fussballdaten.de/vereine/jahn-regensburg/2025/spielplan/,Jahn Regensburg Spielplan 2024/25 - Fussballdaten,high,"2. Bundesliga 2024/25. Stadium capacity ~15224. Kickoff times approximate, verify exact via DFL for marquee games."
2025-04-26,Jahn vs Eintracht Braunschweig,sport_football,Jahnstadion Regensburg,kickoff_20:30,15000,https://www.fussballdaten.de/vereine/jahn-regensburg/2025/spielplan/,Jahn Regensburg Spielplan 2024/25 - Fussballdaten,high,"2. Bundesliga 2024/25. Stadium capacity ~15224. Kickoff times approximate, verify exact via DFL for marquee games."
2025-05-09,Maidult 2025,festival_folk,Dultplatz,afternoon_late_to_evening_13:00-23:00,100000,https://www.ganz-muenchen.de/volksfeste/umland/regensburg/Maidult.html,Maidult Regensburg 2025 - ganz-muenchen.de,high,
2025-05-10,Maidult 2025,festival_folk,Dultplatz,afternoon_late_to_evening_13:00-23:00,100000,https://www.ganz-muenchen.de/volksfeste/umland/regensburg/Maidult.html,Maidult Regensburg 2025 - ganz-muenchen.de,high,
2025-05-11,Jahn vs Karlsruher SC,sport_football,Jahnstadion Regensburg,kickoff_15:30,15000,https://www.fussballdaten.de/vereine/jahn-regensburg/2025/spielplan/,Jahn Regensburg Spielplan 2024/25 - Fussballdaten,high,"2. Bundesliga 2024/25. Stadium capacity ~15224. Kickoff times approximate, verify exact via DFL for marquee games."
2025-05-11,Maidult 2025,festival_folk,Dultplatz,afternoon_late_to_evening_13:00-23:00,100000,https://www.ganz-muenchen.de/volksfeste/umland/regensburg/Maidult.html,Maidult Regensburg 2025 - ganz-muenchen.de,high,
2025-05-12,Maidult 2025,festival_folk,Dultplatz,afternoon_late_to_evening_13:00-23:00,100000,https://www.ganz-muenchen.de/volksfeste/umland/regensburg/Maidult.html,Maidult Regensburg 2025 - ganz-muenchen.de,high,
2025-05-13,Maidult 2025,festival_folk,Dultplatz,afternoon_late_to_evening_13:00-23:00,100000,https://www.ganz-muenchen.de/volksfeste/umland/regensburg/Maidult.html,Maidult Regensburg 2025 - ganz-muenchen.de,high,
2025-05-14,Maidult 2025,festival_folk,Dultplatz,afternoon_late_to_evening_13:00-23:00,100000,https://www.ganz-muenchen.de/volksfeste/umland/regensburg/Maidult.html,Maidult Regensburg 2025 - ganz-muenchen.de,high,
2025-05-15,Maidult 2025,festival_folk,Dultplatz,afternoon_late_to_evening_13:00-23:00,100000,https://www.ganz-muenchen.de/volksfeste/umland/regensburg/Maidult.html,Maidult Regensburg 2025 - ganz-muenchen.de,high,
2025-05-16,Maidult 2025,festival_folk,Dultplatz,afternoon_late_to_evening_13:00-23:00,100000,https://www.ganz-muenchen.de/volksfeste/umland/regensburg/Maidult.html,Maidult Regensburg 2025 - ganz-muenchen.de,high,
2025-05-17,Maidult 2025,festival_folk,Dultplatz,afternoon_late_to_evening_13:00-23:00,100000,https://www.ganz-muenchen.de/volksfeste/umland/regensburg/Maidult.html,Maidult Regensburg 2025 - ganz-muenchen.de,high,
2025-05-18,Maidult 2025,festival_folk,Dultplatz,afternoon_late_to_evening_13:00-23:00,100000,https://www.ganz-muenchen.de/volksfeste/umland/regensburg/Maidult.html,Maidult Regensburg 2025 - ganz-muenchen.de,high,
2025-05-19,Maidult 2025,festival_folk,Dultplatz,afternoon_late_to_evening_13:00-23:00,100000,https://www.ganz-muenchen.de/volksfeste/umland/regensburg/Maidult.html,Maidult Regensburg 2025 - ganz-muenchen.de,high,
2025-05-20,Maidult 2025,festival_folk,Dultplatz,afternoon_late_to_evening_13:00-23:00,100000,https://www.ganz-muenchen.de/volksfeste/umland/regensburg/Maidult.html,Maidult Regensburg 2025 - ganz-muenchen.de,high,
2025-05-21,Maidult 2025,festival_folk,Dultplatz,afternoon_late_to_evening_13:00-23:00,100000,https://www.ganz-muenchen.de/volksfeste/umland/regensburg/Maidult.html,Maidult Regensburg 2025 - ganz-muenchen.de,high,
2025-05-22,Maidult 2025,festival_folk,Dultplatz,afternoon_late_to_evening_13:00-23:00,100000,https://www.ganz-muenchen.de/volksfeste/umland/regensburg/Maidult.html,Maidult Regensburg 2025 - ganz-muenchen.de,high,
2025-05-23,Maidult 2025,festival_folk,Dultplatz,afternoon_late_to_evening_13:00-23:00,100000,https://www.ganz-muenchen.de/volksfeste/umland/regensburg/Maidult.html,Maidult Regensburg 2025 - ganz-muenchen.de,high,
2025-05-24,Maidult 2025,festival_folk,Dultplatz,afternoon_late_to_evening_13:00-23:00,100000,https://www.ganz-muenchen.de/volksfeste/umland/regensburg/Maidult.html,Maidult Regensburg 2025 - ganz-muenchen.de,high,
2025-05-25,Maidult 2025,festival_folk,Dultplatz,afternoon_late_to_evening_13:00-23:00,100000,https://www.ganz-muenchen.de/volksfeste/umland/regensburg/Maidult.html,Maidult Regensburg 2025 - ganz-muenchen.de,high,
2025-05-31,Regensburg Halbmarathon 2025 (Minimarathon Sa),marathon,Altstadt / Donau,morning_to_afternoon,unknown,https://www.medalmonday.de/veranstaltungen/regensburg-marathon/2025,33. Regensburg Marathon 2025 - Medal Monday,medium,Saturday minimarathon precedes Sunday main race. Date inferred from main marathon Sunday 1.6
2025-06-01,Regensburg Marathon 2025,marathon,Altstadt / Donau,morning_to_afternoon_08:30_start,unknown,https://www.medalmonday.de/veranstaltungen/regensburg-marathon/2025,33. Regensburg Marathon 2025 - Medal Monday,high,Main marathon Sunday 01.06.2025; major road closures
2025-06-20,Bürgerfest Regensburg 2025,festival_city,Altstadt (Domplatz + 22 venues),afternoon_to_late_evening,500000,https://www.buergerfest-regensburg.de/,Bürgerfest Regensburg 2025 - Stadt Regensburg,high,"Biennial city festival. 450+ events, 470 food stands across 22 venues. Fri 17:00-24:00, Sat 11:00-24:00, Sun 11:00-23:00"
2025-06-21,Bürgerfest Regensburg 2025,festival_city,Altstadt (Domplatz + 22 venues),afternoon_to_late_evening,500000,https://www.buergerfest-regensburg.de/,Bürgerfest Regensburg 2025 - Stadt Regensburg,high,"Biennial city festival. 450+ events, 470 food stands across 22 venues. Fri 17:00-24:00, Sat 11:00-24:00, Sun 11:00-23:00"
2025-06-22,Bürgerfest Regensburg 2025,festival_city,Altstadt (Domplatz + 22 venues),afternoon_to_late_evening,500000,https://www.buergerfest-regensburg.de/,Bürgerfest Regensburg 2025 - Stadt Regensburg,high,"Biennial city festival. 450+ events, 470 food stands across 22 venues. Fri 17:00-24:00, Sat 11:00-24:00, Sun 11:00-23:00"
2025-07-18,Thurn und Taxis Schlossfestspiele 2025,concert,Schlosspark Thurn und Taxis,evening_20:30_start,unknown,https://www.schlossfestspiele-regensburg.de/programm.html,Schlossfestspiele Programm 2025,high,"Lineup: Verdi Nabucco (18-19.7), Jonas Kaufmann (20.7), Vicky Leandros (21.7), Anastacia (22.7), Gianna Nannini (23.7), Zarrella (24.7), Anna Netrebko (27.7)"
2025-07-19,Thurn und Taxis Schlossfestspiele 2025,concert,Schlosspark Thurn und Taxis,evening_20:30_start,unknown,https://www.schlossfestspiele-regensburg.de/programm.html,Schlossfestspiele Programm 2025,high,"Lineup: Verdi Nabucco (18-19.7), Jonas Kaufmann (20.7), Vicky Leandros (21.7), Anastacia (22.7), Gianna Nannini (23.7), Zarrella (24.7), Anna Netrebko (27.7)"
2025-07-20,Thurn und Taxis Schlossfestspiele 2025,concert,Schlosspark Thurn und Taxis,evening_20:30_start,unknown,https://www.schlossfestspiele-regensburg.de/programm.html,Schlossfestspiele Programm 2025,high,"Lineup: Verdi Nabucco (18-19.7), Jonas Kaufmann (20.7), Vicky Leandros (21.7), Anastacia (22.7), Gianna Nannini (23.7), Zarrella (24.7), Anna Netrebko (27.7)"
2025-07-21,Thurn und Taxis Schlossfestspiele 2025,concert,Schlosspark Thurn und Taxis,evening_20:30_start,unknown,https://www.schlossfestspiele-regensburg.de/programm.html,Schlossfestspiele Programm 2025,high,"Lineup: Verdi Nabucco (18-19.7), Jonas Kaufmann (20.7), Vicky Leandros (21.7), Anastacia (22.7), Gianna Nannini (23.7), Zarrella (24.7), Anna Netrebko (27.7)"
2025-07-22,Thurn und Taxis Schlossfestspiele 2025,concert,Schlosspark Thurn und Taxis,evening_20:30_start,unknown,https://www.schlossfestspiele-regensburg.de/programm.html,Schlossfestspiele Programm 2025,high,"Lineup: Verdi Nabucco (18-19.7), Jonas Kaufmann (20.7), Vicky Leandros (21.7), Anastacia (22.7), Gianna Nannini (23.7), Zarrella (24.7), Anna Netrebko (27.7)"
2025-07-23,Thurn und Taxis Schlossfestspiele 2025,concert,Schlosspark Thurn und Taxis,evening_20:30_start,unknown,https://www.schlossfestspiele-regensburg.de/programm.html,Schlossfestspiele Programm 2025,high,"Lineup: Verdi Nabucco (18-19.7), Jonas Kaufmann (20.7), Vicky Leandros (21.7), Anastacia (22.7), Gianna Nannini (23.7), Zarrella (24.7), Anna Netrebko (27.7)"
2025-07-24,Thurn und Taxis Schlossfestspiele 2025,concert,Schlosspark Thurn und Taxis,evening_20:30_start,unknown,https://www.schlossfestspiele-regensburg.de/programm.html,Schlossfestspiele Programm 2025,high,"Lineup: Verdi Nabucco (18-19.7), Jonas Kaufmann (20.7), Vicky Leandros (21.7), Anastacia (22.7), Gianna Nannini (23.7), Zarrella (24.7), Anna Netrebko (27.7)"
2025-07-25,Thurn und Taxis Schlossfestspiele 2025,concert,Schlosspark Thurn und Taxis,evening_20:30_start,unknown,https://www.schlossfestspiele-regensburg.de/programm.html,Schlossfestspiele Programm 2025,high,"Lineup: Verdi Nabucco (18-19.7), Jonas Kaufmann (20.7), Vicky Leandros (21.7), Anastacia (22.7), Gianna Nannini (23.7), Zarrella (24.7), Anna Netrebko (27.7)"
2025-07-26,Thurn und Taxis Schlossfestspiele 2025,concert,Schlosspark Thurn und Taxis,evening_20:30_start,unknown,https://www.schlossfestspiele-regensburg.de/programm.html,Schlossfestspiele Programm 2025,high,"Lineup: Verdi Nabucco (18-19.7), Jonas Kaufmann (20.7), Vicky Leandros (21.7), Anastacia (22.7), Gianna Nannini (23.7), Zarrella (24.7), Anna Netrebko (27.7)"
2025-07-27,Thurn und Taxis Schlossfestspiele 2025,concert,Schlosspark Thurn und Taxis,evening_20:30_start,unknown,https://www.schlossfestspiele-regensburg.de/programm.html,Schlossfestspiele Programm 2025,high,"Lineup: Verdi Nabucco (18-19.7), Jonas Kaufmann (20.7), Vicky Leandros (21.7), Anastacia (22.7), Gianna Nannini (23.7), Zarrella (24.7), Anna Netrebko (27.7)"
2025-08-10,Jahn vs MSV Duisburg,sport_football,Jahnstadion Regensburg,kickoff_14:00,10000,https://www.fussballdaten.de/vereine/jahn-regensburg/spielplan/,Jahn Regensburg Spielplan 2025/26 - Fussballdaten,medium,3. Liga 2025/26 after relegation. Kickoff times from Fussballdaten - verify exact via DFB for marquee games. Attendance lower than 2.BL.
2025-08-23,Jahn vs FC Schweinfurt 05,sport_football,Jahnstadion Regensburg,kickoff_14:00,10000,https://www.fussballdaten.de/vereine/jahn-regensburg/spielplan/,Jahn Regensburg Spielplan 2025/26 - Fussballdaten,medium,3. Liga 2025/26 after relegation. Kickoff times from Fussballdaten - verify exact via DFB for marquee games. Attendance lower than 2.BL.
2025-08-29,Herbstdult 2025,festival_folk,Dultplatz,afternoon_late_to_evening_13:00-23:00,100000,https://www.regensburg.de/rathaus/aemteruebersicht/direktorium-1/db-1-direktorialbereich/presse-und-oeffentlichkeitsarbeit/presseservice/aktuelle-pressemitteilungen/559551/597823/herbstdult-2025-dult-ist-kult.html,Stadt Regensburg - Herbstdult 2025,high,
2025-08-30,Herbstdult 2025,festival_folk,Dultplatz,afternoon_late_to_evening_13:00-23:00,100000,https://www.regensburg.de/rathaus/aemteruebersicht/direktorium-1/db-1-direktorialbereich/presse-und-oeffentlichkeitsarbeit/presseservice/aktuelle-pressemitteilungen/559551/597823/herbstdult-2025-dult-ist-kult.html,Stadt Regensburg - Herbstdult 2025,high,
2025-08-31,Herbstdult 2025,festival_folk,Dultplatz,afternoon_late_to_evening_13:00-23:00,100000,https://www.regensburg.de/rathaus/aemteruebersicht/direktorium-1/db-1-direktorialbereich/presse-und-oeffentlichkeitsarbeit/presseservice/aktuelle-pressemitteilungen/559551/597823/herbstdult-2025-dult-ist-kult.html,Stadt Regensburg - Herbstdult 2025,high,
2025-09-01,Herbstdult 2025,festival_folk,Dultplatz,afternoon_late_to_evening_13:00-23:00,100000,https://www.regensburg.de/rathaus/aemteruebersicht/direktorium-1/db-1-direktorialbereich/presse-und-oeffentlichkeitsarbeit/presseservice/aktuelle-pressemitteilungen/559551/597823/herbstdult-2025-dult-ist-kult.html,Stadt Regensburg - Herbstdult 2025,high,
2025-09-02,Herbstdult 2025,festival_folk,Dultplatz,afternoon_late_to_evening_13:00-23:00,100000,https://www.regensburg.de/rathaus/aemteruebersicht/direktorium-1/db-1-direktorialbereich/presse-und-oeffentlichkeitsarbeit/presseservice/aktuelle-pressemitteilungen/559551/597823/herbstdult-2025-dult-ist-kult.html,Stadt Regensburg - Herbstdult 2025,high,
2025-09-03,Herbstdult 2025,festival_folk,Dultplatz,afternoon_late_to_evening_13:00-23:00,100000,https://www.regensburg.de/rathaus/aemteruebersicht/direktorium-1/db-1-direktorialbereich/presse-und-oeffentlichkeitsarbeit/presseservice/aktuelle-pressemitteilungen/559551/597823/herbstdult-2025-dult-ist-kult.html,Stadt Regensburg - Herbstdult 2025,high,
2025-09-04,Herbstdult 2025,festival_folk,Dultplatz,afternoon_late_to_evening_13:00-23:00,100000,https://www.regensburg.de/rathaus/aemteruebersicht/direktorium-1/db-1-direktorialbereich/presse-und-oeffentlichkeitsarbeit/presseservice/aktuelle-pressemitteilungen/559551/597823/herbstdult-2025-dult-ist-kult.html,Stadt Regensburg - Herbstdult 2025,high,
2025-09-05,Herbstdult 2025,festival_folk,Dultplatz,afternoon_late_to_evening_13:00-23:00,100000,https://www.regensburg.de/rathaus/aemteruebersicht/direktorium-1/db-1-direktorialbereich/presse-und-oeffentlichkeitsarbeit/presseservice/aktuelle-pressemitteilungen/559551/597823/herbstdult-2025-dult-ist-kult.html,Stadt Regensburg - Herbstdult 2025,high,
2025-09-06,Herbstdult 2025,festival_folk,Dultplatz,afternoon_late_to_evening_13:00-23:00,100000,https://www.regensburg.de/rathaus/aemteruebersicht/direktorium-1/db-1-direktorialbereich/presse-und-oeffentlichkeitsarbeit/presseservice/aktuelle-pressemitteilungen/559551/597823/herbstdult-2025-dult-ist-kult.html,Stadt Regensburg - Herbstdult 2025,high,
2025-09-07,Herbstdult 2025,festival_folk,Dultplatz,afternoon_late_to_evening_13:00-23:00,100000,https://www.regensburg.de/rathaus/aemteruebersicht/direktorium-1/db-1-direktorialbereich/presse-und-oeffentlichkeitsarbeit/presseservice/aktuelle-pressemitteilungen/559551/597823/herbstdult-2025-dult-ist-kult.html,Stadt Regensburg - Herbstdult 2025,high,
2025-09-08,Herbstdult 2025,festival_folk,Dultplatz,afternoon_late_to_evening_13:00-23:00,100000,https://www.regensburg.de/rathaus/aemteruebersicht/direktorium-1/db-1-direktorialbereich/presse-und-oeffentlichkeitsarbeit/presseservice/aktuelle-pressemitteilungen/559551/597823/herbstdult-2025-dult-ist-kult.html,Stadt Regensburg - Herbstdult 2025,high,
2025-09-09,Herbstdult 2025,festival_folk,Dultplatz,afternoon_late_to_evening_13:00-23:00,100000,https://www.regensburg.de/rathaus/aemteruebersicht/direktorium-1/db-1-direktorialbereich/presse-und-oeffentlichkeitsarbeit/presseservice/aktuelle-pressemitteilungen/559551/597823/herbstdult-2025-dult-ist-kult.html,Stadt Regensburg - Herbstdult 2025,high,
2025-09-10,Herbstdult 2025,festival_folk,Dultplatz,afternoon_late_to_evening_13:00-23:00,100000,https://www.regensburg.de/rathaus/aemteruebersicht/direktorium-1/db-1-direktorialbereich/presse-und-oeffentlichkeitsarbeit/presseservice/aktuelle-pressemitteilungen/559551/597823/herbstdult-2025-dult-ist-kult.html,Stadt Regensburg - Herbstdult 2025,high,
2025-09-11,Herbstdult 2025,festival_folk,Dultplatz,afternoon_late_to_evening_13:00-23:00,100000,https://www.regensburg.de/rathaus/aemteruebersicht/direktorium-1/db-1-direktorialbereich/presse-und-oeffentlichkeitsarbeit/presseservice/aktuelle-pressemitteilungen/559551/597823/herbstdult-2025-dult-ist-kult.html,Stadt Regensburg - Herbstdult 2025,high,
2025-09-12,Herbstdult 2025,festival_folk,Dultplatz,afternoon_late_to_evening_13:00-23:00,100000,https://www.regensburg.de/rathaus/aemteruebersicht/direktorium-1/db-1-direktorialbereich/presse-und-oeffentlichkeitsarbeit/presseservice/aktuelle-pressemitteilungen/559551/597823/herbstdult-2025-dult-ist-kult.html,Stadt Regensburg - Herbstdult 2025,high,
2025-09-12,Jahn vs Rot-Weiss Essen,sport_football,Jahnstadion Regensburg,kickoff_19:00,10000,https://www.fussballdaten.de/vereine/jahn-regensburg/spielplan/,Jahn Regensburg Spielplan 2025/26 - Fussballdaten,medium,3. Liga 2025/26 after relegation. Kickoff times from Fussballdaten - verify exact via DFB for marquee games. Attendance lower than 2.BL.
2025-09-13,Herbstdult 2025,festival_folk,Dultplatz,afternoon_late_to_evening_13:00-23:00,100000,https://www.regensburg.de/rathaus/aemteruebersicht/direktorium-1/db-1-direktorialbereich/presse-und-oeffentlichkeitsarbeit/presseservice/aktuelle-pressemitteilungen/559551/597823/herbstdult-2025-dult-ist-kult.html,Stadt Regensburg - Herbstdult 2025,high,
2025-09-14,Herbstdult 2025,festival_folk,Dultplatz,afternoon_late_to_evening_13:00-23:00,100000,https://www.regensburg.de/rathaus/aemteruebersicht/direktorium-1/db-1-direktorialbereich/presse-und-oeffentlichkeitsarbeit/presseservice/aktuelle-pressemitteilungen/559551/597823/herbstdult-2025-dult-ist-kult.html,Stadt Regensburg - Herbstdult 2025,high,
2025-09-19,Eisbären vs Lausitzer Füchse,sport_icehockey,Donau-Arena,kickoff_20:00,4500,https://www.hessenschau.de/sport/ergebnisse-tabellen/eishockey-108~team_id-8940.html,Eisbären Regensburg Spielplan 2025/26 - hessenschau,high,DEL2 2025/26. Donau-Arena cap ~4862.
2025-09-28,Eisbären vs EC Kassel Huskies,sport_icehockey,Donau-Arena,kickoff_17:00,4500,https://www.hessenschau.de/sport/ergebnisse-tabellen/eishockey-108~team_id-8940.html,Eisbären Regensburg Spielplan 2025/26 - hessenschau,high,DEL2 2025/26. Donau-Arena cap ~4862.
2025-09-28,Jahn vs SC Verl,sport_football,Jahnstadion Regensburg,kickoff_13:30,10000,https://www.fussballdaten.de/vereine/jahn-regensburg/spielplan/,Jahn Regensburg Spielplan 2025/26 - Fussballdaten,medium,3. Liga 2025/26 after relegation. Kickoff times from Fussballdaten - verify exact via DFB for marquee games. Attendance lower than 2.BL.
2025-10-04,Jahn vs 1. FC Saarbrücken,sport_football,Jahnstadion Regensburg,kickoff_14:00,10000,https://www.fussballdaten.de/vereine/jahn-regensburg/spielplan/,Jahn Regensburg Spielplan 2025/26 - Fussballdaten,medium,3. Liga 2025/26 after relegation. Kickoff times from Fussballdaten - verify exact via DFB for marquee games. Attendance lower than 2.BL.
2025-10-05,Eisbären vs Düsseldorfer EG,sport_icehockey,Donau-Arena,kickoff_17:00,4500,https://www.hessenschau.de/sport/ergebnisse-tabellen/eishockey-108~team_id-8940.html,Eisbären Regensburg Spielplan 2025/26 - hessenschau,high,DEL2 2025/26. Donau-Arena cap ~4862.
2025-10-12,Eisbären vs Bietigheim Steelers,sport_icehockey,Donau-Arena,kickoff_17:00,4500,https://www.hessenschau.de/sport/ergebnisse-tabellen/eishockey-108~team_id-8940.html,Eisbären Regensburg Spielplan 2025/26 - hessenschau,high,DEL2 2025/26. Donau-Arena cap ~4862.
2025-10-17,Eisbären vs ESV Kaufbeuren,sport_icehockey,Donau-Arena,kickoff_20:00,4500,https://www.hessenschau.de/sport/ergebnisse-tabellen/eishockey-108~team_id-8940.html,Eisbären Regensburg Spielplan 2025/26 - hessenschau,high,DEL2 2025/26. Donau-Arena cap ~4862.
2025-10-24,Eisbären vs EC Bad Nauheim,sport_icehockey,Donau-Arena,kickoff_20:00,4500,https://www.hessenschau.de/sport/ergebnisse-tabellen/eishockey-108~team_id-8940.html,Eisbären Regensburg Spielplan 2025/26 - hessenschau,high,DEL2 2025/26. Donau-Arena cap ~4862.
2025-10-25,Jahn vs VfB Stuttgart II,sport_football,Jahnstadion Regensburg,kickoff_14:00,10000,https://www.fussballdaten.de/vereine/jahn-regensburg/spielplan/,Jahn Regensburg Spielplan 2025/26 - Fussballdaten,medium,3. Liga 2025/26 after relegation. Kickoff times from Fussballdaten - verify exact via DFB for marquee games. Attendance lower than 2.BL.
2025-10-31,Eisbären vs Ravensburg Towerstars,sport_icehockey,Donau-Arena,kickoff_20:00,4500,https://www.hessenschau.de/sport/ergebnisse-tabellen/eishockey-108~team_id-8940.html,Eisbären Regensburg Spielplan 2025/26 - hessenschau,high,DEL2 2025/26. Donau-Arena cap ~4862.
2025-11-09,Jahn vs TSV 1860 München,sport_football,Jahnstadion Regensburg,kickoff_13:30,10000,https://www.fussballdaten.de/vereine/jahn-regensburg/spielplan/,Jahn Regensburg Spielplan 2025/26 - Fussballdaten,medium,3. Liga 2025/26 after relegation. Kickoff times from Fussballdaten - verify exact via DFB for marquee games. Attendance lower than 2.BL.
2025-11-16,Eisbären vs Starbulls Rosenheim,sport_icehockey,Donau-Arena,kickoff_17:00,4500,https://www.hessenschau.de/sport/ergebnisse-tabellen/eishockey-108~team_id-8940.html,Eisbären Regensburg Spielplan 2025/26 - hessenschau,high,DEL2 2025/26. Donau-Arena cap ~4862.
2025-11-21,Eisbären vs EV Landshut,sport_icehockey,Donau-Arena,kickoff_20:00,4500,https://www.hessenschau.de/sport/ergebnisse-tabellen/eishockey-108~team_id-8940.html,Eisbären Regensburg Spielplan 2025/26 - hessenschau,high,DEL2 2025/26. Donau-Arena cap ~4862.
2025-11-21,Romantischer Weihnachtsmarkt 2025,festival_christmas,Schloss Thurn und Taxis,evening_15:00-22:00,unknown,https://www.wm-tut.de/,Romantischer Weihnachtsmarkt Schloss Thurn und Taxis,high,Closed Totensonntag 23.11.2025
2025-11-22,Romantischer Weihnachtsmarkt 2025,festival_christmas,Schloss Thurn und Taxis,evening_15:00-22:00,unknown,https://www.wm-tut.de/,Romantischer Weihnachtsmarkt Schloss Thurn und Taxis,high,Closed Totensonntag 23.11.2025
2025-11-24,Christkindlmarkt Neupfarrplatz 2025,festival_christmas,Neupfarrplatz,afternoon_to_evening_10:00-20:00,unknown,https://www.regensburg.de/aktuelles/christkindlmarkt/regensburger-christkindlmarkt-2025,Stadt Regensburg - Christkindlmarkt 2025,high,"Su-Wed 10-20, Thu-Sat 10-21. Opening Mon 24.11 18:00"
2025-11-24,Romantischer Weihnachtsmarkt 2025,festival_christmas,Schloss Thurn und Taxis,evening_15:00-22:00,unknown,https://www.wm-tut.de/,Romantischer Weihnachtsmarkt Schloss Thurn und Taxis,high,Closed Totensonntag 23.11.2025
2025-11-25,Christkindlmarkt Neupfarrplatz 2025,festival_christmas,Neupfarrplatz,afternoon_to_evening_10:00-20:00,unknown,https://www.regensburg.de/aktuelles/christkindlmarkt/regensburger-christkindlmarkt-2025,Stadt Regensburg - Christkindlmarkt 2025,high,"Su-Wed 10-20, Thu-Sat 10-21. Opening Mon 24.11 18:00"
2025-11-25,Romantischer Weihnachtsmarkt 2025,festival_christmas,Schloss Thurn und Taxis,evening_15:00-22:00,unknown,https://www.wm-tut.de/,Romantischer Weihnachtsmarkt Schloss Thurn und Taxis,high,Closed Totensonntag 23.11.2025
2025-11-26,Christkindlmarkt Neupfarrplatz 2025,festival_christmas,Neupfarrplatz,afternoon_to_evening_10:00-20:00,unknown,https://www.regensburg.de/aktuelles/christkindlmarkt/regensburger-christkindlmarkt-2025,Stadt Regensburg - Christkindlmarkt 2025,high,"Su-Wed 10-20, Thu-Sat 10-21. Opening Mon 24.11 18:00"
2025-11-26,Romantischer Weihnachtsmarkt 2025,festival_christmas,Schloss Thurn und Taxis,evening_15:00-22:00,unknown,https://www.wm-tut.de/,Romantischer Weihnachtsmarkt Schloss Thurn und Taxis,high,Closed Totensonntag 23.11.2025
2025-11-27,Christkindlmarkt Neupfarrplatz 2025,festival_christmas,Neupfarrplatz,afternoon_to_evening_10:00-20:00,unknown,https://www.regensburg.de/aktuelles/christkindlmarkt/regensburger-christkindlmarkt-2025,Stadt Regensburg - Christkindlmarkt 2025,high,"Su-Wed 10-20, Thu-Sat 10-21. Opening Mon 24.11 18:00"
2025-11-27,Romantischer Weihnachtsmarkt 2025,festival_christmas,Schloss Thurn und Taxis,evening_15:00-22:00,unknown,https://www.wm-tut.de/,Romantischer Weihnachtsmarkt Schloss Thurn und Taxis,high,Closed Totensonntag 23.11.2025
2025-11-28,Christkindlmarkt Neupfarrplatz 2025,festival_christmas,Neupfarrplatz,afternoon_to_evening_10:00-20:00,unknown,https://www.regensburg.de/aktuelles/christkindlmarkt/regensburger-christkindlmarkt-2025,Stadt Regensburg - Christkindlmarkt 2025,high,"Su-Wed 10-20, Thu-Sat 10-21. Opening Mon 24.11 18:00"
2025-11-28,Lucrezia-Markt 2025,festival_christmas,Haidplatz,afternoon_to_evening_11:00-20:00,unknown,https://www.regensburg.de/veranstaltungen/detail/544318,Stadt Regensburg - Lucrezia-Markt 2025,high,
2025-11-28,Romantischer Weihnachtsmarkt 2025,festival_christmas,Schloss Thurn und Taxis,evening_15:00-22:00,unknown,https://www.wm-tut.de/,Romantischer Weihnachtsmarkt Schloss Thurn und Taxis,high,Closed Totensonntag 23.11.2025
2025-11-29,Christkindlmarkt Neupfarrplatz 2025,festival_christmas,Neupfarrplatz,afternoon_to_evening_10:00-20:00,unknown,https://www.regensburg.de/aktuelles/christkindlmarkt/regensburger-christkindlmarkt-2025,Stadt Regensburg - Christkindlmarkt 2025,high,"Su-Wed 10-20, Thu-Sat 10-21. Opening Mon 24.11 18:00"
2025-11-29,Lucrezia-Markt 2025,festival_christmas,Haidplatz,afternoon_to_evening_11:00-20:00,unknown,https://www.regensburg.de/veranstaltungen/detail/544318,Stadt Regensburg - Lucrezia-Markt 2025,high,
2025-11-29,Romantischer Weihnachtsmarkt 2025,festival_christmas,Schloss Thurn und Taxis,evening_15:00-22:00,unknown,https://www.wm-tut.de/,Romantischer Weihnachtsmarkt Schloss Thurn und Taxis,high,Closed Totensonntag 23.11.2025
2025-11-30,Christkindlmarkt Neupfarrplatz 2025,festival_christmas,Neupfarrplatz,afternoon_to_evening_10:00-20:00,unknown,https://www.regensburg.de/aktuelles/christkindlmarkt/regensburger-christkindlmarkt-2025,Stadt Regensburg - Christkindlmarkt 2025,high,"Su-Wed 10-20, Thu-Sat 10-21. Opening Mon 24.11 18:00"
2025-11-30,Eisbären vs Eispiraten Crimmitschau,sport_icehockey,Donau-Arena,kickoff_17:00,4500,https://www.hessenschau.de/sport/ergebnisse-tabellen/eishockey-108~team_id-8940.html,Eisbären Regensburg Spielplan 2025/26 - hessenschau,high,DEL2 2025/26. Donau-Arena cap ~4862.
2025-11-30,Jahn vs Hansa Rostock,sport_football,Jahnstadion Regensburg,kickoff_13:30,10000,https://www.fussballdaten.de/vereine/jahn-regensburg/spielplan/,Jahn Regensburg Spielplan 2025/26 - Fussballdaten,medium,3. Liga 2025/26 after relegation. Kickoff times from Fussballdaten - verify exact via DFB for marquee games. Attendance lower than 2.BL.
2025-11-30,Lucrezia-Markt 2025,festival_christmas,Haidplatz,afternoon_to_evening_11:00-20:00,unknown,https://www.regensburg.de/veranstaltungen/detail/544318,Stadt Regensburg - Lucrezia-Markt 2025,high,
2025-11-30,Romantischer Weihnachtsmarkt 2025,festival_christmas,Schloss Thurn und Taxis,evening_15:00-22:00,unknown,https://www.wm-tut.de/,Romantischer Weihnachtsmarkt Schloss Thurn und Taxis,high,Closed Totensonntag 23.11.2025
2025-12-01,Christkindlmarkt Neupfarrplatz 2025,festival_christmas,Neupfarrplatz,afternoon_to_evening_10:00-20:00,unknown,https://www.regensburg.de/aktuelles/christkindlmarkt/regensburger-christkindlmarkt-2025,Stadt Regensburg - Christkindlmarkt 2025,high,"Su-Wed 10-20, Thu-Sat 10-21. Opening Mon 24.11 18:00"
2025-12-01,Lucrezia-Markt 2025,festival_christmas,Haidplatz,afternoon_to_evening_11:00-20:00,unknown,https://www.regensburg.de/veranstaltungen/detail/544318,Stadt Regensburg - Lucrezia-Markt 2025,high,
2025-12-01,Romantischer Weihnachtsmarkt 2025,festival_christmas,Schloss Thurn und Taxis,evening_15:00-22:00,unknown,https://www.wm-tut.de/,Romantischer Weihnachtsmarkt Schloss Thurn und Taxis,high,Closed Totensonntag 23.11.2025
2025-12-02,Christkindlmarkt Neupfarrplatz 2025,festival_christmas,Neupfarrplatz,afternoon_to_evening_10:00-20:00,unknown,https://www.regensburg.de/aktuelles/christkindlmarkt/regensburger-christkindlmarkt-2025,Stadt Regensburg - Christkindlmarkt 2025,high,"Su-Wed 10-20, Thu-Sat 10-21. Opening Mon 24.11 18:00"
2025-12-02,Lucrezia-Markt 2025,festival_christmas,Haidplatz,afternoon_to_evening_11:00-20:00,unknown,https://www.regensburg.de/veranstaltungen/detail/544318,Stadt Regensburg - Lucrezia-Markt 2025,high,
2025-12-02,Romantischer Weihnachtsmarkt 2025,festival_christmas,Schloss Thurn und Taxis,evening_15:00-22:00,unknown,https://www.wm-tut.de/,Romantischer Weihnachtsmarkt Schloss Thurn und Taxis,high,Closed Totensonntag 23.11.2025
2025-12-03,Christkindlmarkt Neupfarrplatz 2025,festival_christmas,Neupfarrplatz,afternoon_to_evening_10:00-20:00,unknown,https://www.regensburg.de/aktuelles/christkindlmarkt/regensburger-christkindlmarkt-2025,Stadt Regensburg - Christkindlmarkt 2025,high,"Su-Wed 10-20, Thu-Sat 10-21. Opening Mon 24.11 18:00"
2025-12-03,Lucrezia-Markt 2025,festival_christmas,Haidplatz,afternoon_to_evening_11:00-20:00,unknown,https://www.regensburg.de/veranstaltungen/detail/544318,Stadt Regensburg - Lucrezia-Markt 2025,high,
2025-12-03,Romantischer Weihnachtsmarkt 2025,festival_christmas,Schloss Thurn und Taxis,evening_15:00-22:00,unknown,https://www.wm-tut.de/,Romantischer Weihnachtsmarkt Schloss Thurn und Taxis,high,Closed Totensonntag 23.11.2025
2025-12-04,Christkindlmarkt Neupfarrplatz 2025,festival_christmas,Neupfarrplatz,afternoon_to_evening_10:00-20:00,unknown,https://www.regensburg.de/aktuelles/christkindlmarkt/regensburger-christkindlmarkt-2025,Stadt Regensburg - Christkindlmarkt 2025,high,"Su-Wed 10-20, Thu-Sat 10-21. Opening Mon 24.11 18:00"
2025-12-04,Lucrezia-Markt 2025,festival_christmas,Haidplatz,afternoon_to_evening_11:00-20:00,unknown,https://www.regensburg.de/veranstaltungen/detail/544318,Stadt Regensburg - Lucrezia-Markt 2025,high,
2025-12-04,Romantischer Weihnachtsmarkt 2025,festival_christmas,Schloss Thurn und Taxis,evening_15:00-22:00,unknown,https://www.wm-tut.de/,Romantischer Weihnachtsmarkt Schloss Thurn und Taxis,high,Closed Totensonntag 23.11.2025
2025-12-05,Christkindlmarkt Neupfarrplatz 2025,festival_christmas,Neupfarrplatz,afternoon_to_evening_10:00-20:00,unknown,https://www.regensburg.de/aktuelles/christkindlmarkt/regensburger-christkindlmarkt-2025,Stadt Regensburg - Christkindlmarkt 2025,high,"Su-Wed 10-20, Thu-Sat 10-21. Opening Mon 24.11 18:00"
2025-12-05,Lucrezia-Markt 2025,festival_christmas,Haidplatz,afternoon_to_evening_11:00-20:00,unknown,https://www.regensburg.de/veranstaltungen/detail/544318,Stadt Regensburg - Lucrezia-Markt 2025,high,
2025-12-05,Romantischer Weihnachtsmarkt 2025,festival_christmas,Schloss Thurn und Taxis,evening_15:00-22:00,unknown,https://www.wm-tut.de/,Romantischer Weihnachtsmarkt Schloss Thurn und Taxis,high,Closed Totensonntag 23.11.2025
2025-12-06,Christkindlmarkt Neupfarrplatz 2025,festival_christmas,Neupfarrplatz,afternoon_to_evening_10:00-20:00,unknown,https://www.regensburg.de/aktuelles/christkindlmarkt/regensburger-christkindlmarkt-2025,Stadt Regensburg - Christkindlmarkt 2025,high,"Su-Wed 10-20, Thu-Sat 10-21. Opening Mon 24.11 18:00"
2025-12-06,Lucrezia-Markt 2025,festival_christmas,Haidplatz,afternoon_to_evening_11:00-20:00,unknown,https://www.regensburg.de/veranstaltungen/detail/544318,Stadt Regensburg - Lucrezia-Markt 2025,high,
2025-12-06,Romantischer Weihnachtsmarkt 2025,festival_christmas,Schloss Thurn und Taxis,evening_15:00-22:00,unknown,https://www.wm-tut.de/,Romantischer Weihnachtsmarkt Schloss Thurn und Taxis,high,Closed Totensonntag 23.11.2025
2025-12-07,Christkindlmarkt Neupfarrplatz 2025,festival_christmas,Neupfarrplatz,afternoon_to_evening_10:00-20:00,unknown,https://www.regensburg.de/aktuelles/christkindlmarkt/regensburger-christkindlmarkt-2025,Stadt Regensburg - Christkindlmarkt 2025,high,"Su-Wed 10-20, Thu-Sat 10-21. Opening Mon 24.11 18:00"
2025-12-07,Eisbären vs Blue Devils Weiden,sport_icehockey,Donau-Arena,kickoff_17:00,4500,https://www.hessenschau.de/sport/ergebnisse-tabellen/eishockey-108~team_id-8940.html,Eisbären Regensburg Spielplan 2025/26 - hessenschau,high,DEL2 2025/26. Donau-Arena cap ~4862.
2025-12-07,Lucrezia-Markt 2025,festival_christmas,Haidplatz,afternoon_to_evening_11:00-20:00,unknown,https://www.regensburg.de/veranstaltungen/detail/544318,Stadt Regensburg - Lucrezia-Markt 2025,high,
2025-12-07,Romantischer Weihnachtsmarkt 2025,festival_christmas,Schloss Thurn und Taxis,evening_15:00-22:00,unknown,https://www.wm-tut.de/,Romantischer Weihnachtsmarkt Schloss Thurn und Taxis,high,Closed Totensonntag 23.11.2025
2025-12-08,Christkindlmarkt Neupfarrplatz 2025,festival_christmas,Neupfarrplatz,afternoon_to_evening_10:00-20:00,unknown,https://www.regensburg.de/aktuelles/christkindlmarkt/regensburger-christkindlmarkt-2025,Stadt Regensburg - Christkindlmarkt 2025,high,"Su-Wed 10-20, Thu-Sat 10-21. Opening Mon 24.11 18:00"
2025-12-08,Lucrezia-Markt 2025,festival_christmas,Haidplatz,afternoon_to_evening_11:00-20:00,unknown,https://www.regensburg.de/veranstaltungen/detail/544318,Stadt Regensburg - Lucrezia-Markt 2025,high,
2025-12-08,Romantischer Weihnachtsmarkt 2025,festival_christmas,Schloss Thurn und Taxis,evening_15:00-22:00,unknown,https://www.wm-tut.de/,Romantischer Weihnachtsmarkt Schloss Thurn und Taxis,high,Closed Totensonntag 23.11.2025
2025-12-09,Christkindlmarkt Neupfarrplatz 2025,festival_christmas,Neupfarrplatz,afternoon_to_evening_10:00-20:00,unknown,https://www.regensburg.de/aktuelles/christkindlmarkt/regensburger-christkindlmarkt-2025,Stadt Regensburg - Christkindlmarkt 2025,high,"Su-Wed 10-20, Thu-Sat 10-21. Opening Mon 24.11 18:00"
2025-12-09,Lucrezia-Markt 2025,festival_christmas,Haidplatz,afternoon_to_evening_11:00-20:00,unknown,https://www.regensburg.de/veranstaltungen/detail/544318,Stadt Regensburg - Lucrezia-Markt 2025,high,
2025-12-09,Romantischer Weihnachtsmarkt 2025,festival_christmas,Schloss Thurn und Taxis,evening_15:00-22:00,unknown,https://www.wm-tut.de/,Romantischer Weihnachtsmarkt Schloss Thurn und Taxis,high,Closed Totensonntag 23.11.2025
2025-12-10,Christkindlmarkt Neupfarrplatz 2025,festival_christmas,Neupfarrplatz,afternoon_to_evening_10:00-20:00,unknown,https://www.regensburg.de/aktuelles/christkindlmarkt/regensburger-christkindlmarkt-2025,Stadt Regensburg - Christkindlmarkt 2025,high,"Su-Wed 10-20, Thu-Sat 10-21. Opening Mon 24.11 18:00"
2025-12-10,Lucrezia-Markt 2025,festival_christmas,Haidplatz,afternoon_to_evening_11:00-20:00,unknown,https://www.regensburg.de/veranstaltungen/detail/544318,Stadt Regensburg - Lucrezia-Markt 2025,high,
2025-12-10,Romantischer Weihnachtsmarkt 2025,festival_christmas,Schloss Thurn und Taxis,evening_15:00-22:00,unknown,https://www.wm-tut.de/,Romantischer Weihnachtsmarkt Schloss Thurn und Taxis,high,Closed Totensonntag 23.11.2025
2025-12-11,Christkindlmarkt Neupfarrplatz 2025,festival_christmas,Neupfarrplatz,afternoon_to_evening_10:00-20:00,unknown,https://www.regensburg.de/aktuelles/christkindlmarkt/regensburger-christkindlmarkt-2025,Stadt Regensburg - Christkindlmarkt 2025,high,"Su-Wed 10-20, Thu-Sat 10-21. Opening Mon 24.11 18:00"
2025-12-11,Lucrezia-Markt 2025,festival_christmas,Haidplatz,afternoon_to_evening_11:00-20:00,unknown,https://www.regensburg.de/veranstaltungen/detail/544318,Stadt Regensburg - Lucrezia-Markt 2025,high,
2025-12-11,Romantischer Weihnachtsmarkt 2025,festival_christmas,Schloss Thurn und Taxis,evening_15:00-22:00,unknown,https://www.wm-tut.de/,Romantischer Weihnachtsmarkt Schloss Thurn und Taxis,high,Closed Totensonntag 23.11.2025
2025-12-12,Christkindlmarkt Neupfarrplatz 2025,festival_christmas,Neupfarrplatz,afternoon_to_evening_10:00-20:00,unknown,https://www.regensburg.de/aktuelles/christkindlmarkt/regensburger-christkindlmarkt-2025,Stadt Regensburg - Christkindlmarkt 2025,high,"Su-Wed 10-20, Thu-Sat 10-21. Opening Mon 24.11 18:00"
2025-12-12,Lucrezia-Markt 2025,festival_christmas,Haidplatz,afternoon_to_evening_11:00-20:00,unknown,https://www.regensburg.de/veranstaltungen/detail/544318,Stadt Regensburg - Lucrezia-Markt 2025,high,
2025-12-12,Romantischer Weihnachtsmarkt 2025,festival_christmas,Schloss Thurn und Taxis,evening_15:00-22:00,unknown,https://www.wm-tut.de/,Romantischer Weihnachtsmarkt Schloss Thurn und Taxis,high,Closed Totensonntag 23.11.2025
2025-12-13,Christkindlmarkt Neupfarrplatz 2025,festival_christmas,Neupfarrplatz,afternoon_to_evening_10:00-20:00,unknown,https://www.regensburg.de/aktuelles/christkindlmarkt/regensburger-christkindlmarkt-2025,Stadt Regensburg - Christkindlmarkt 2025,high,"Su-Wed 10-20, Thu-Sat 10-21. Opening Mon 24.11 18:00"
2025-12-13,Lucrezia-Markt 2025,festival_christmas,Haidplatz,afternoon_to_evening_11:00-20:00,unknown,https://www.regensburg.de/veranstaltungen/detail/544318,Stadt Regensburg - Lucrezia-Markt 2025,high,
2025-12-13,Romantischer Weihnachtsmarkt 2025,festival_christmas,Schloss Thurn und Taxis,evening_15:00-22:00,unknown,https://www.wm-tut.de/,Romantischer Weihnachtsmarkt Schloss Thurn und Taxis,high,Closed Totensonntag 23.11.2025
2025-12-14,Christkindlmarkt Neupfarrplatz 2025,festival_christmas,Neupfarrplatz,afternoon_to_evening_10:00-20:00,unknown,https://www.regensburg.de/aktuelles/christkindlmarkt/regensburger-christkindlmarkt-2025,Stadt Regensburg - Christkindlmarkt 2025,high,"Su-Wed 10-20, Thu-Sat 10-21. Opening Mon 24.11 18:00"
2025-12-14,Eisbären vs EHC Freiburg,sport_icehockey,Donau-Arena,kickoff_17:00,4500,https://www.hessenschau.de/sport/ergebnisse-tabellen/eishockey-108~team_id-8940.html,Eisbären Regensburg Spielplan 2025/26 - hessenschau,high,DEL2 2025/26. Donau-Arena cap ~4862.
2025-12-14,Jahn vs SV Waldhof Mannheim,sport_football,Jahnstadion Regensburg,kickoff_13:30,10000,https://www.fussballdaten.de/vereine/jahn-regensburg/spielplan/,Jahn Regensburg Spielplan 2025/26 - Fussballdaten,medium,3. Liga 2025/26 after relegation. Kickoff times from Fussballdaten - verify exact via DFB for marquee games. Attendance lower than 2.BL.
2025-12-14,Lucrezia-Markt 2025,festival_christmas,Haidplatz,afternoon_to_evening_11:00-20:00,unknown,https://www.regensburg.de/veranstaltungen/detail/544318,Stadt Regensburg - Lucrezia-Markt 2025,high,
2025-12-14,Romantischer Weihnachtsmarkt 2025,festival_christmas,Schloss Thurn und Taxis,evening_15:00-22:00,unknown,https://www.wm-tut.de/,Romantischer Weihnachtsmarkt Schloss Thurn und Taxis,high,Closed Totensonntag 23.11.2025
2025-12-15,Christkindlmarkt Neupfarrplatz 2025,festival_christmas,Neupfarrplatz,afternoon_to_evening_10:00-20:00,unknown,https://www.regensburg.de/aktuelles/christkindlmarkt/regensburger-christkindlmarkt-2025,Stadt Regensburg - Christkindlmarkt 2025,high,"Su-Wed 10-20, Thu-Sat 10-21. Opening Mon 24.11 18:00"
2025-12-15,Lucrezia-Markt 2025,festival_christmas,Haidplatz,afternoon_to_evening_11:00-20:00,unknown,https://www.regensburg.de/veranstaltungen/detail/544318,Stadt Regensburg - Lucrezia-Markt 2025,high,
2025-12-15,Romantischer Weihnachtsmarkt 2025,festival_christmas,Schloss Thurn und Taxis,evening_15:00-22:00,unknown,https://www.wm-tut.de/,Romantischer Weihnachtsmarkt Schloss Thurn und Taxis,high,Closed Totensonntag 23.11.2025
2025-12-16,Christkindlmarkt Neupfarrplatz 2025,festival_christmas,Neupfarrplatz,afternoon_to_evening_10:00-20:00,unknown,https://www.regensburg.de/aktuelles/christkindlmarkt/regensburger-christkindlmarkt-2025,Stadt Regensburg - Christkindlmarkt 2025,high,"Su-Wed 10-20, Thu-Sat 10-21. Opening Mon 24.11 18:00"
2025-12-16,Lucrezia-Markt 2025,festival_christmas,Haidplatz,afternoon_to_evening_11:00-20:00,unknown,https://www.regensburg.de/veranstaltungen/detail/544318,Stadt Regensburg - Lucrezia-Markt 2025,high,
2025-12-16,Romantischer Weihnachtsmarkt 2025,festival_christmas,Schloss Thurn und Taxis,evening_15:00-22:00,unknown,https://www.wm-tut.de/,Romantischer Weihnachtsmarkt Schloss Thurn und Taxis,high,Closed Totensonntag 23.11.2025
2025-12-17,Christkindlmarkt Neupfarrplatz 2025,festival_christmas,Neupfarrplatz,afternoon_to_evening_10:00-20:00,unknown,https://www.regensburg.de/aktuelles/christkindlmarkt/regensburger-christkindlmarkt-2025,Stadt Regensburg - Christkindlmarkt 2025,high,"Su-Wed 10-20, Thu-Sat 10-21. Opening Mon 24.11 18:00"
2025-12-17,Lucrezia-Markt 2025,festival_christmas,Haidplatz,afternoon_to_evening_11:00-20:00,unknown,https://www.regensburg.de/veranstaltungen/detail/544318,Stadt Regensburg - Lucrezia-Markt 2025,high,
2025-12-17,Romantischer Weihnachtsmarkt 2025,festival_christmas,Schloss Thurn und Taxis,evening_15:00-22:00,unknown,https://www.wm-tut.de/,Romantischer Weihnachtsmarkt Schloss Thurn und Taxis,high,Closed Totensonntag 23.11.2025
2025-12-18,Christkindlmarkt Neupfarrplatz 2025,festival_christmas,Neupfarrplatz,afternoon_to_evening_10:00-20:00,unknown,https://www.regensburg.de/aktuelles/christkindlmarkt/regensburger-christkindlmarkt-2025,Stadt Regensburg - Christkindlmarkt 2025,high,"Su-Wed 10-20, Thu-Sat 10-21. Opening Mon 24.11 18:00"
2025-12-18,Lucrezia-Markt 2025,festival_christmas,Haidplatz,afternoon_to_evening_11:00-20:00,unknown,https://www.regensburg.de/veranstaltungen/detail/544318,Stadt Regensburg - Lucrezia-Markt 2025,high,
2025-12-18,Romantischer Weihnachtsmarkt 2025,festival_christmas,Schloss Thurn und Taxis,evening_15:00-22:00,unknown,https://www.wm-tut.de/,Romantischer Weihnachtsmarkt Schloss Thurn und Taxis,high,Closed Totensonntag 23.11.2025
2025-12-19,Christkindlmarkt Neupfarrplatz 2025,festival_christmas,Neupfarrplatz,afternoon_to_evening_10:00-20:00,unknown,https://www.regensburg.de/aktuelles/christkindlmarkt/regensburger-christkindlmarkt-2025,Stadt Regensburg - Christkindlmarkt 2025,high,"Su-Wed 10-20, Thu-Sat 10-21. Opening Mon 24.11 18:00"
2025-12-19,Lucrezia-Markt 2025,festival_christmas,Haidplatz,afternoon_to_evening_11:00-20:00,unknown,https://www.regensburg.de/veranstaltungen/detail/544318,Stadt Regensburg - Lucrezia-Markt 2025,high,
2025-12-19,Romantischer Weihnachtsmarkt 2025,festival_christmas,Schloss Thurn und Taxis,evening_15:00-22:00,unknown,https://www.wm-tut.de/,Romantischer Weihnachtsmarkt Schloss Thurn und Taxis,high,Closed Totensonntag 23.11.2025
2025-12-20,Christkindlmarkt Neupfarrplatz 2025,festival_christmas,Neupfarrplatz,afternoon_to_evening_10:00-20:00,unknown,https://www.regensburg.de/aktuelles/christkindlmarkt/regensburger-christkindlmarkt-2025,Stadt Regensburg - Christkindlmarkt 2025,high,"Su-Wed 10-20, Thu-Sat 10-21. Opening Mon 24.11 18:00"
2025-12-20,Lucrezia-Markt 2025,festival_christmas,Haidplatz,afternoon_to_evening_11:00-20:00,unknown,https://www.regensburg.de/veranstaltungen/detail/544318,Stadt Regensburg - Lucrezia-Markt 2025,high,
2025-12-20,Romantischer Weihnachtsmarkt 2025,festival_christmas,Schloss Thurn und Taxis,evening_15:00-22:00,unknown,https://www.wm-tut.de/,Romantischer Weihnachtsmarkt Schloss Thurn und Taxis,high,Closed Totensonntag 23.11.2025
2025-12-21,Christkindlmarkt Neupfarrplatz 2025,festival_christmas,Neupfarrplatz,afternoon_to_evening_10:00-20:00,unknown,https://www.regensburg.de/aktuelles/christkindlmarkt/regensburger-christkindlmarkt-2025,Stadt Regensburg - Christkindlmarkt 2025,high,"Su-Wed 10-20, Thu-Sat 10-21. Opening Mon 24.11 18:00"
2025-12-21,Eisbären vs Krefeld Pinguine,sport_icehockey,Donau-Arena,kickoff_17:00,4500,https://www.hessenschau.de/sport/ergebnisse-tabellen/eishockey-108~team_id-8940.html,Eisbären Regensburg Spielplan 2025/26 - hessenschau,high,DEL2 2025/26. Donau-Arena cap ~4862.
2025-12-21,Lucrezia-Markt 2025,festival_christmas,Haidplatz,afternoon_to_evening_11:00-20:00,unknown,https://www.regensburg.de/veranstaltungen/detail/544318,Stadt Regensburg - Lucrezia-Markt 2025,high,
2025-12-21,Romantischer Weihnachtsmarkt 2025,festival_christmas,Schloss Thurn und Taxis,evening_15:00-22:00,unknown,https://www.wm-tut.de/,Romantischer Weihnachtsmarkt Schloss Thurn und Taxis,high,Closed Totensonntag 23.11.2025
2025-12-22,Christkindlmarkt Neupfarrplatz 2025,festival_christmas,Neupfarrplatz,afternoon_to_evening_10:00-20:00,unknown,https://www.regensburg.de/aktuelles/christkindlmarkt/regensburger-christkindlmarkt-2025,Stadt Regensburg - Christkindlmarkt 2025,high,"Su-Wed 10-20, Thu-Sat 10-21. Opening Mon 24.11 18:00"
2025-12-22,Lucrezia-Markt 2025,festival_christmas,Haidplatz,afternoon_to_evening_11:00-20:00,unknown,https://www.regensburg.de/veranstaltungen/detail/544318,Stadt Regensburg - Lucrezia-Markt 2025,high,
2025-12-22,Romantischer Weihnachtsmarkt 2025,festival_christmas,Schloss Thurn und Taxis,evening_15:00-22:00,unknown,https://www.wm-tut.de/,Romantischer Weihnachtsmarkt Schloss Thurn und Taxis,high,Closed Totensonntag 23.11.2025
2025-12-23,Christkindlmarkt Neupfarrplatz 2025,festival_christmas,Neupfarrplatz,afternoon_to_evening_10:00-20:00,unknown,https://www.regensburg.de/aktuelles/christkindlmarkt/regensburger-christkindlmarkt-2025,Stadt Regensburg - Christkindlmarkt 2025,high,"Su-Wed 10-20, Thu-Sat 10-21. Opening Mon 24.11 18:00"
2025-12-23,Eisbären vs Düsseldorfer EG,sport_icehockey,Donau-Arena,kickoff_20:00,4500,https://www.hessenschau.de/sport/ergebnisse-tabellen/eishockey-108~team_id-8940.html,Eisbären Regensburg Spielplan 2025/26 - hessenschau,high,DEL2 2025/26. Donau-Arena cap ~4862.
2025-12-23,Lucrezia-Markt 2025,festival_christmas,Haidplatz,afternoon_to_evening_11:00-20:00,unknown,https://www.regensburg.de/veranstaltungen/detail/544318,Stadt Regensburg - Lucrezia-Markt 2025,high,
2025-12-23,Romantischer Weihnachtsmarkt 2025,festival_christmas,Schloss Thurn und Taxis,evening_15:00-22:00,unknown,https://www.wm-tut.de/,Romantischer Weihnachtsmarkt Schloss Thurn und Taxis,high,Closed Totensonntag 23.11.2025
2026-01-04,Eisbären vs Lausitzer Füchse,sport_icehockey,Donau-Arena,kickoff_17:00,4500,https://www.hessenschau.de/sport/ergebnisse-tabellen/eishockey-108~team_id-8940.html,Eisbären Regensburg Spielplan 2025/26 - hessenschau,high,DEL2 2025/26. Donau-Arena cap ~4862.
2026-01-09,Eisbären vs Bietigheim Steelers,sport_icehockey,Donau-Arena,kickoff_20:00,4500,https://www.hessenschau.de/sport/ergebnisse-tabellen/eishockey-108~team_id-8940.html,Eisbären Regensburg Spielplan 2025/26 - hessenschau,high,DEL2 2025/26. Donau-Arena cap ~4862.
2026-01-16,Jahn vs FC Ingolstadt 04,sport_football,Jahnstadion Regensburg,kickoff_19:00,10000,https://www.fussballdaten.de/vereine/jahn-regensburg/spielplan/,Jahn Regensburg Spielplan 2025/26 - Fussballdaten,medium,3. Liga 2025/26 after relegation. Kickoff times from Fussballdaten - verify exact via DFB for marquee games. Attendance lower than 2.BL.
2026-01-18,Eisbären vs ESV Kaufbeuren,sport_icehockey,Donau-Arena,kickoff_17:00,4500,https://www.hessenschau.de/sport/ergebnisse-tabellen/eishockey-108~team_id-8940.html,Eisbären Regensburg Spielplan 2025/26 - hessenschau,high,DEL2 2025/26. Donau-Arena cap ~4862.
2026-01-25,Eisbären vs Ravensburg Towerstars,sport_icehockey,Donau-Arena,kickoff_17:00,4500,https://www.hessenschau.de/sport/ergebnisse-tabellen/eishockey-108~team_id-8940.html,Eisbären Regensburg Spielplan 2025/26 - hessenschau,high,DEL2 2025/26. Donau-Arena cap ~4862.
2026-01-30,Eisbären vs Starbulls Rosenheim,sport_icehockey,Donau-Arena,kickoff_20:00,4500,https://www.hessenschau.de/sport/ergebnisse-tabellen/eishockey-108~team_id-8940.html,Eisbären Regensburg Spielplan 2025/26 - hessenschau,high,DEL2 2025/26. Donau-Arena cap ~4862.
2026-02-07,Jahn vs Viktoria Köln,sport_football,Jahnstadion Regensburg,kickoff_14:00,10000,https://www.fussballdaten.de/vereine/jahn-regensburg/spielplan/,Jahn Regensburg Spielplan 2025/26 - Fussballdaten,medium,3. Liga 2025/26 after relegation. Kickoff times from Fussballdaten - verify exact via DFB for marquee games. Attendance lower than 2.BL.
2026-02-08,Eisbären vs EV Landshut,sport_icehockey,Donau-Arena,kickoff_17:00,4500,https://www.hessenschau.de/sport/ergebnisse-tabellen/eishockey-108~team_id-8940.html,Eisbären Regensburg Spielplan 2025/26 - hessenschau,high,DEL2 2025/26. Donau-Arena cap ~4862.
2026-02-10,Eisbären vs EC Bad Nauheim,sport_icehockey,Donau-Arena,kickoff_20:00,4500,https://www.hessenschau.de/sport/ergebnisse-tabellen/eishockey-108~team_id-8940.html,Eisbären Regensburg Spielplan 2025/26 - hessenschau,high,DEL2 2025/26. Donau-Arena cap ~4862.
2026-02-13,Eisbären vs Eispiraten Crimmitschau,sport_icehockey,Donau-Arena,kickoff_20:00,4500,https://www.hessenschau.de/sport/ergebnisse-tabellen/eishockey-108~team_id-8940.html,Eisbären Regensburg Spielplan 2025/26 - hessenschau,high,DEL2 2025/26. Donau-Arena cap ~4862.
2026-02-20,Eisbären vs Blue Devils Weiden,sport_icehockey,Donau-Arena,kickoff_20:00,4500,https://www.hessenschau.de/sport/ergebnisse-tabellen/eishockey-108~team_id-8940.html,Eisbären Regensburg Spielplan 2025/26 - hessenschau,high,DEL2 2025/26. Donau-Arena cap ~4862.
2026-02-21,Jahn vs SV Wehen Wiesbaden,sport_football,Jahnstadion Regensburg,kickoff_14:00,10000,https://www.fussballdaten.de/vereine/jahn-regensburg/spielplan/,Jahn Regensburg Spielplan 2025/26 - Fussballdaten,medium,3. Liga 2025/26 after relegation. Kickoff times from Fussballdaten - verify exact via DFB for marquee games. Attendance lower than 2.BL.
2026-02-27,Eisbären vs EHC Freiburg,sport_icehockey,Donau-Arena,kickoff_20:00,4500,https://www.hessenschau.de/sport/ergebnisse-tabellen/eishockey-108~team_id-8940.html,Eisbären Regensburg Spielplan 2025/26 - hessenschau,high,DEL2 2025/26. Donau-Arena cap ~4862.
2026-02-28,Jahn vs SSV Ulm 1846,sport_football,Jahnstadion Regensburg,kickoff_14:00,10000,https://www.fussballdaten.de/vereine/jahn-regensburg/spielplan/,Jahn Regensburg Spielplan 2025/26 - Fussballdaten,medium,3. Liga 2025/26 after relegation. Kickoff times from Fussballdaten - verify exact via DFB for marquee games. Attendance lower than 2.BL.
2026-03-06,Eisbären vs Krefeld Pinguine,sport_icehockey,Donau-Arena,kickoff_19:30,4500,https://www.hessenschau.de/sport/ergebnisse-tabellen/eishockey-108~team_id-8940.html,Eisbären Regensburg Spielplan 2025/26 - hessenschau,high,DEL2 2025/26. Donau-Arena cap ~4862.
2026-03-07,Jahn vs VfL Osnabrück,sport_football,Jahnstadion Regensburg,kickoff_14:00,10000,https://www.fussballdaten.de/vereine/jahn-regensburg/spielplan/,Jahn Regensburg Spielplan 2025/26 - Fussballdaten,medium,3. Liga 2025/26 after relegation. Kickoff times from Fussballdaten - verify exact via DFB for marquee games. Attendance lower than 2.BL.
2026-03-21,Jahn vs TSV Havelse,sport_football,Jahnstadion Regensburg,kickoff_14:00,10000,https://www.fussballdaten.de/vereine/jahn-regensburg/spielplan/,Jahn Regensburg Spielplan 2025/26 - Fussballdaten,medium,3. Liga 2025/26 after relegation. Kickoff times from Fussballdaten - verify exact via DFB for marquee games. Attendance lower than 2.BL.
2026-04-07,Jahn vs FC Erzgebirge Aue,sport_football,Jahnstadion Regensburg,kickoff_19:00,10000,https://www.fussballdaten.de/vereine/jahn-regensburg/spielplan/,Jahn Regensburg Spielplan 2025/26 - Fussballdaten,medium,3. Liga 2025/26 after relegation. Kickoff times from Fussballdaten - verify exact via DFB for marquee games. Attendance lower than 2.BL.
2026-04-17,Jahn vs Alemannia Aachen,sport_football,Jahnstadion Regensburg,kickoff_19:00,10000,https://www.fussballdaten.de/vereine/jahn-regensburg/spielplan/,Jahn Regensburg Spielplan 2025/26 - Fussballdaten,medium,3. Liga 2025/26 after relegation. Kickoff times from Fussballdaten - verify exact via DFB for marquee games. Attendance lower than 2.BL.
2026-05-02,Jahn vs TSG 1899 Hoffenheim II,sport_football,Jahnstadion Regensburg,kickoff_14:00,10000,https://www.fussballdaten.de/vereine/jahn-regensburg/spielplan/,Jahn Regensburg Spielplan 2025/26 - Fussballdaten,medium,3. Liga 2025/26 after relegation. Kickoff times from Fussballdaten - verify exact via DFB for marquee games. Attendance lower than 2.BL.
2026-05-16,Jahn vs FC Energie Cottbus,sport_football,Jahnstadion Regensburg,kickoff_14:00,10000,https://www.fussballdaten.de/vereine/jahn-regensburg/spielplan/,Jahn Regensburg Spielplan 2025/26 - Fussballdaten,medium,3. Liga 2025/26 after relegation. Kickoff times from Fussballdaten - verify exact via DFB for marquee games. Attendance lower than 2.BL.
